gcccaggct,POLDIP2
gggactaca,CD38
aatatcagt,CD38
catggcata,CD38
gggcgtctc,CD38
aggacaaat,ABCC8
cccattggt,PIGQ
gcttggtgt,CYB561
ttatgtatt,CYB561
cccaataag,CYB561
tttatgtac,CYB561
ctgggctag,CYB561
ttcagcttc,CYB561
caactgtgt,CYB561
cagtgtatg,CYB561
cccagttcc,CYB561
gaggctcct,CYB561
gcatgcata,CYB561
gctcgtgag,CYB561
tatctgttt,CYB561
actcaaggc,CYB561
gggatgggg,CYB561
attataggt,CYB561
gaggacttc,CYB561
aaacgcaag,CYB561
gtcacatcc,CYB561
gcctgctcc,CYB561
gtgtgtggc,CYB561
tgggcagat,CYB561
gggcagatc,CYB561
gatctcttg,CYB561
tcacgtctg,CYB561
ggtcggaag,CYB561
aaactagcc,CYB561
gaaaccccg,CYB561
ctcctagtc,CYB561
cacttcctg,CYB561
agccgtatt,CYB561
gagatgggt,CYB561
gccatggtt,CYB561
acttcgtga,CYB561
ttccaacat,CYB561
ccatctttt,CYB561
acaaaagta,CYB561
ttgtcaaat,CYB561
caagatagg,CYB561
tggcgtgcg,CYB561
gctgcgatt,CYB561
ccctccctc,CYB561
gtgcattta,CYB561
agcccctgt,CYB561
taaactttt,CYB561
atttatttt,CYB561
ggccaagga,CYB561
tcctcttca,CYB561
tcttggctc,CYB561
agctgattt,CYB561
tgggcgaca,CYB561
cctttatat,CYB561
cagagtctc,CYB561
gagacaaaa,CYB561
cccagctac,CYB561
atttgcata,CYB561
gatataagc,CYB561
cactatttt,CYB561
tgattccat,CYB561
tccatggta,CYB561
gaagttctt,CYB561
ttcagttta,CYB561
gggggcggg,CYB561
atagtgcta,CYB561
aaaactaca,CYB561
tttagtaga,CYB561
gggtcgtgt,CYB561
aggcacttt,CYB561
tgaacataa,CYB561
caccatgtt,CYB561
atacatatt,CYB561
catttggcc,CYB561
aggcgcctg,CYB561
aggcgtgag,CYB561
aggcggagg,CYB561
ccagacacg,CYB561
aggatgaag,CYB561
taactgcga,PRSS3
atccgtcta,PRSS3
aagggccct,PRSS3
ttttcggat,PRSS3
catcctgct,PRSS3
ccccgatcc,PRSS3
tgaggcaga,PRSS3
atagaatat,CD6
ttctcattt,CD6
acccgtgca,CD6
gagccccat,CD6
actcgggag,CD6
agcaggcag,CD6
gatgtagtg,CD6
cctgggttc,CD6
ggcgcggtg,CD6
taggtctga,CD6
ctgcgtttc,CD6
gggcgctga,CD6
catatagta,CD6
cccttggtc,CD6
cctcggcca,CD6
atcggaaag,CD6
aatagtgcc,CD6
tggccggca,CD6
caagggtag,CD6
ggcttccaa,CD6
gttcaagac,CD6
ctggacaac,CD6
atccaggta,CD6
aatgacccc,CD6
gagcgctcc,CD6
acacggctg,CD6
ggctctcac,CD6
gaggccaaa,CD6
ctttctctc,CD6
ctccagcct,CD6
aactgcatt,CD6
ggctgttaa,CD6
atagcggag,ACPP
ctcccagtc,ACPP
atctgcata,ACPP
gcctgcggg,ACPP
aacatggtg,ACPP
atcaataat,STMN4
caatccttt,STMN4
cagtcgcta,STMN4
tcccgcaac,STMN4
tcaatttcc,STMN4
ccccccgcc,STMN4
acagatttg,STMN4
cagaaatag,STMN4
cagacgctt,STMN4
ttgcttaag,STMN4
gatcgcgcc,STMN4
tgcagaagc,STMN4
ctggctaat,STMN4
ggacgaaca,STMN4
gggagggtg,STMN4
ccgaattgc,CYP24A1
acactgaga,CYP24A1
cctccctgc,CYP24A1
cccgggcgc,CYP24A1
gttaccgcg,CYP24A1
ctaagtaat,CYP24A1
ttccgttgc,CYP24A1
caggcggat,CYP24A1
ggagtttac,CYP24A1
ctcataatc,CYP24A1
ctcccgggt,HSD17B6
atgcatccg,HSD17B6
gacaacccc,AIFM2
taggaaaac,AIFM2
aggggtttt,AIFM2
ttcacgctg,AIFM2
agagaatta,AIFM2
aatctagac,AIFM2
aactacttc,AIFM2
taagcaatc,AIFM2
ggagatcat,AIFM2
tatccgtag,AIFM2
gggattaca,AIFM2
cgaccggcg,AIFM2
caaggcagg,AIFM2
catgtgggg,AIFM2
attgtccca,LETMD1
gacttatgc,LETMD1
actacgaac,PTGER3
tttctatat,NRIP2
atctcaaaa,NRIP2
aagatagta,NRIP2
gagtcgtta,NRIP2
gccaaggga,NRIP2
gaggtccct,NRIP2
atagagatg,NRIP2
aaaaatttt,NRIP2
gggaagctg,NRIP2
catgcttgt,NRIP2
tgcaatgag,NRIP2
cactgagac,NRIP2
cagcgtggg,NRIP2
gtagcaggg,NRIP2
ctcccgcaa,CAMK2B
ggaccgcag,CAMK2B
cagaccggg,CAMK2B
gcacgttct,CAMK2B
ggatcggct,CAMK2B
acagcgggc,GNA15
aaaacacgt,GNA15
gcacttctg,GNA15
ccagtctat,GNA15
gtgtcagcc,GNA15
tgctccgtc,GNA15
gctccgtca,GNA15
tccctggtt,NGFR
tgggtgaca,ROGDI
agccgagat,ROGDI
gcaatgatg,ROGDI
caggtgcaa,ROGDI
tcagcgcaa,ROGDI
cccacgtac,ROGDI
ctcagcaag,ROGDI
agctaattt,SIDT1
aacattgat,MRVI1
gacacgtga,SEMA3C
cttctgtga,WNT8B
cactcttct,WNT8B
cctgaccaa,WNT8B
aatataaaa,WNT8B
tatacatta,WNT8B
atccggggc,WNT8B
ctacttcct,WNT8B
acagccttc,WNT8B
ccgtgttag,ICAM3
aaatgtgat,NAALAD2
aatgtcccc,NAALAD2
acataatta,NAALAD2
tacatcagg,NAALAD2
cacactgta,NAALAD2
tccaatggg,NAALAD2
aaactgcct,NAALAD2
attcagccc,NAALAD2
tagtgtaac,NAALAD2
aacgtatgg,NAALAD2
aaaggctgc,NAALAD2
ctttgaggg,NAALAD2
tttttaaaa,NAALAD2
gttacagag,NAALAD2
tagtgccca,NAALAD2
ttatgaaat,NAALAD2
tgtgcagtt,NAALAD2
ttaattgaa,NAALAD2
caacgaatg,NAALAD2
aaggacatc,NAALAD2
tgttaagta,NAALAD2
atggagccc,NAALAD2
ttcccctac,NAALAD2
agcccctgg,NAALAD2
attaaaaga,NAALAD2
tttgatctt,NAALAD2
tagtataga,NAALAD2
aagacacaa,NAALAD2
gtagttgct,NAALAD2
gcctcaact,NAALAD2
ggaagtctg,NAALAD2
tctccaggg,NAALAD2
taaataaag,NAALAD2
ctctcacac,NAALAD2
atgaggaca,NAALAD2
tgtggccta,NAALAD2
aggaaactg,NAALAD2
acatattca,NAALAD2
ttcataatg,NAALAD2
ataatggcc,NAALAD2
taactccca,NAALAD2
aggagcacc,NAALAD2
cccaaccta,NAALAD2
gatacgtgg,NAALAD2
taacagtaa,NAALAD2
gtgcctggc,NAALAD2
cccgatttt,NAALAD2
gttatcaca,NAALAD2
tcacaatat,NAALAD2
gggtcatat,NAALAD2
agacgtaga,NAALAD2
taatatatt,NAALAD2
aaaactctg,NAALAD2
tttttccct,NAALAD2
actaaacag,NAALAD2
tatctgtca,NAALAD2
aggggatgt,NAALAD2
aaaagtaaa,NAALAD2
ggaggctag,NAALAD2
atcagtttt,NAALAD2
tcacgatca,NAALAD2
tactctgat,NAALAD2
ctctgcccc,NAALAD2
cctgtttct,NAALAD2
acatcatca,NAALAD2
gtcacgaga,NAALAD2
tatagaaaa,NAALAD2
agcgactta,NAALAD2
attgctgac,NAALAD2
ttgcgcaga,NAALAD2
ctccttttc,NAALAD2
ctcatggat,NAALAD2
agcaatctg,NAALAD2
cccctaccc,NAALAD2
ttccatttg,NAALAD2
gtatatgca,NAALAD2
tctagtgac,NAALAD2
aagatagaa,NAALAD2
tcaatgtca,NAALAD2
tttgcaact,NAALAD2
aatgtcaga,NAALAD2
acaataatg,NAALAD2
ttcttgaaa,NAALAD2
tatttattg,NAALAD2
tattgaaga,NAALAD2
tctgctatt,NAALAD2
gagatcctt,NAALAD2
tgtgtacac,NAALAD2
ggccgtttt,NAALAD2
tgccggttg,NAALAD2
ataatagaa,NAALAD2
caaggtatg,NAALAD2
tcaattggg,NAALAD2
acccgcaat,NAALAD2
ctgagtctc,NAALAD2
acacacagg,NAALAD2
cacaggccc,NAALAD2
tttttagag,NAALAD2
ttctctttt,NAALAD2
aattgaaat,NAALAD2
gttctgctt,NAALAD2
tgcttttaa,NAALAD2
tttctcttc,NAALAD2
cctctccag,NAALAD2
cccaactaa,NAALAD2
gtaaattca,NAALAD2
ttgtaacac,NAALAD2
cattattga,NAALAD2
ggaaagtat,NAALAD2
cattcatat,NAALAD2
tctgctgag,NAALAD2
gaatttgca,NAALAD2
caatccaga,NAALAD2
ttaactact,NAALAD2
ctttaaaac,NAALAD2
cgacgccag,NAALAD2
attagttct,NAALAD2
tttgaaatc,NAALAD2
gtcactgct,NAALAD2
tgtcattaa,NAALAD2
attcctaat,NAALAD2
tgttcccat,NAALAD2
tacagcttg,NAALAD2
caagagaac,NAALAD2
cgaatgtgc,NAALAD2
aaacgatgc,NAALAD2
ctgatacac,NAALAD2
tgcatggag,NAALAD2
tccagcaca,NAALAD2
ggaggtggg,NAALAD2
ttggggggg,NAALAD2
gcagcaccc,NAALAD2
acattgtac,NAALAD2
ataaccagt,NAALAD2
aagacaaaa,NAALAD2
ttgcagttt,NAALAD2
gagaagaga,NAALAD2
ccctggcag,NAALAD2
ttccgggat,NAALAD2
ggtaatttt,NAALAD2
catgctttt,NAALAD2
tacaacata,NAALAD2
aaatacagg,NAALAD2
gcgcacaca,NAALAD2
cagtcgaaa,NAALAD2
aagaagtaa,NAALAD2
tcttctgtg,NAALAD2
ggacaggtt,NAALAD2
ataactggt,NAALAD2
ggcaggttt,NAALAD2
tttttacgg,NAALAD2
aagcccctt,NAALAD2
gaatgttgg,NAALAD2
ccgcccccc,XRCC5
gtaatccca,NKAIN1
tctcggagt,NKAIN1
gtctgcctc,NKAIN1
gtggtggtg,NKAIN1
aatcacttg,NKAIN1
acttataac,NKAIN1
tggaactat,NKAIN1
gtggcggga,NKAIN1
cgggtggat,NKAIN1
gtttcttgg,NKAIN1
gagaccagt,NKAIN1
ccccattct,NKAIN1
ttccgtcca,NKAIN1
tgaggattc,NKAIN1
catctgtga,NKAIN1
gaggtgctc,NKAIN1
cgtgtatcc,NKAIN1
tgagctgat,NKAIN1
ccttgctgc,NKAIN1
gccacggcc,NKAIN1
cccctaaaa,NKAIN1
gttccggaa,NKAIN1
tgggatcaa,NKAIN1
tgtgcccgg,NKAIN1
gttttgcca,NKAIN1
gctaatttt,NKAIN1
agacagggt,NKAIN1
aggctcctg,NKAIN1
ggggaccag,NKAIN1
tgtattccc,NKAIN1
actcaggag,NKAIN1
gcaggagaa,NKAIN1
aggcatggt,NKAIN1
cacacgatt,NKAIN1
ggacaagct,NKAIN1
gatgccggg,NKAIN1
tctcggctc,NKAIN1
caacttctg,NKAIN1
ccacaacta,NKAIN1
gcctaagtc,NKAIN1
ggggggagg,NKAIN1
aaatgctcc,NKAIN1
cagattcca,NKAIN1
aaggttgca,NKAIN1
gtggtgcat,NKAIN1
acccaccac,NKAIN1
cagccgaca,NKAIN1
tgcctgcct,NKAIN1
tccatcatc,NKAIN1
atggatgga,NKAIN1
acctgtaat,NKAIN1
tctccacaa,NKAIN1
cagggcttc,NKAIN1
ctcgcaggc,NKAIN1
catggggaa,NKAIN1
ctcctggaa,NKAIN1
tcagggagg,NKAIN1
cagcgcagg,NKAIN1
gtttcggtt,NKAIN1
gtcttgctc,NKAIN1
agagccggg,NKAIN1
aggcccctg,NKAIN1
caccgtgtt,NKAIN1
caccacgcc,NKAIN1
tggggtgag,NKAIN1
ccacatccc,NKAIN1
ctgtgagct,NKAIN1
ggaagttaa,NKAIN1
acctaacaa,NKAIN1
acccaaagc,NKAIN1
gggttaagc,NKAIN1
aggtatgag,NKAIN1
accacgcct,NKAIN1
ctcacagtc,NKAIN1
tgtccgggg,NKAIN1
attcctcca,NKAIN1
gggaggagc,NKAIN1
ttacagatg,NKAIN1
gcacaatcc,NKAIN1
ctctattag,NKAIN1
cttgcccaa,NKAIN1
cctgtcccc,NKAIN1
cttcatagg,NKAIN1
caggcattc,NKAIN1
atacactaa,NKAIN1
cccaggttc,NKAIN1
ctacgcact,NKAIN1
ggctgcagt,NKAIN1
ctgacgaat,NKAIN1
gttcgagat,NKAIN1
gatcgcgcc,NKAIN1
attctgggt,NKAIN1
ggtggttta,NKAIN1
catttaaaa,NKAIN1
ccaaagttg,NKAIN1
aatttaaaa,NKAIN1
gtctcgctc,NKAIN1
aaaaaccaa,NKAIN1
ctggcacca,NKAIN1
ccatcactg,NKAIN1
ctcccctcc,NKAIN1
agacgatgc,NKAIN1
ttccgttag,NKAIN1
gaggttgta,NKAIN1
attcataag,NKAIN1
tgcccgctc,NKAIN1
gctgggcaa,NKAIN1
aggagatgg,CD82
gtcaggacc,ADAMTS2
tcccctgag,ADAMTS2
atgaggcag,ADAMTS2
gacacagtt,DLD
cagctgccc,DLD
tccacctgg,DLD
gaccggggt,DLD
tagacagat,DLD
caggcgtgg,DLD
tatattgat,DLD
actcaggtt,DLD
catcttgct,DLD
agccttggc,DLD
tgactgtag,SLC7A8
tgtgttggc,TBC1D2
tcactgcaa,TBC1D2
gttctgctg,TBC1D2
ttctgctgt,TBC1D2
ataatttgt,TBC1D2
gagtgggga,TBC1D2
ggaggattg,TBC1D2
ggcctccca,TBC1D2
ctgactact,PNPLA5
gacctggac,PNPLA5
tttacagta,PIGH
tgaggagct,TELO2
cccagagct,E2F1
tgaggggcc,E2F1
acagcgcat,E2F1
ctcacggtc,E2F1
ctccggcct,E2F1
atgaaggcc,E2F1
agatcccgc,E2F1
ggcccgatc,E2F1
ttttatgct,E2F1
cagacgcct,E2F1
tagcttggt,E2F1
ggcggggcg,E2F1
agatggcag,E2F1
tttcacttt,E2F1
cacacgatt,E2F1
tggggctat,E2F1
cgggcgtgg,E2F1
tgggcgaca,E2F1
tcttgctca,E2F1
aggcaggtg,E2F1
agtagctgg,E2F1
ggccatctc,E2F1
agacatagc,APMAP
gtcccccca,MXRA5
acacccctt,TTC23
aaggaaaat,RHOV
tcaaagttc,RHOV
cctgtctgg,RHOV
tcgagaact,TRIM35
ccccccgcc,TRIM35
acagatttg,TRIM35
cagaaatag,TRIM35
cacaatggg,TRIM35
cagacgctt,TRIM35
ttgcttaag,TRIM35
ctggctaat,TRIM35
gggagggtg,TRIM35
cccacaggt,JPH1
cattaggct,JPH1
ttgagcctg,JPH1
cattcgctc,JPH1
gccatgttc,JPH1
tcctcgagt,JPH1
acaccttgg,JPH1
taatttgtt,CGB2
cctccgagc,CGB2
ggctgggaa,CGB2
ccaggtggg,CGB2
cccctctcc,CGB2
caacatcag,CGB2
gagacgggg,CGB2
cccaaactt,CGB2
gacctcact,CGB2
atttgcttc,CGB2
tgtcccctt,CGB2
cttttggga,CGB2
acctgcttc,CGB2
aatcacaac,CGB2
atagccact,CGB2
ccggtcgga,CGB2
gctgtggaa,CGB2
ttctgtggg,CGB2
gagacgggc,CGB2
cgggcggat,CGB2
gcttcccca,CGB2
ggccaagca,CGB2
agccataat,CGB2
gaagaggcc,CGB2
ccaactccc,CGB2
ccctgaaaa,CGB2
gaaaaaacc,CGB2
agtcgagcc,CGB2
ggacctccg,CGB2
cacacggag,CGB2
gagagcagc,CGB2
aacacttag,KIR3DX1
agacactca,KIR3DX1
ctcctaaag,KIR3DX1
aagagggcc,KIR3DX1
cccccgggg,KIR3DX1
gcattccac,KIR3DX1
agctgttct,KIR3DX1
caggtgccc,KIR3DX1
gggcactat,KIR3DX1
aatgaaaga,KIR3DX1
cctgcaacc,KIR3DX1
tttttaaaa,KIR3DX1
aagaaagag,ANKRD27
caaggattt,ANKRD27
cagacatat,ANKRD27
tgtacggta,ANKRD27
ttttattac,ANKRD27
cttttgatg,ANKRD27
tcccgggtt,ANKRD27
gcaatctct,ANKRD27
cacatggag,ANKRD27
tgaactaga,ANKRD27
cacaagtgt,ANKRD27
tatatagag,ZNF85
gctcattta,MET
ttggtgcta,MET
cttcgaatt,MET
caactctga,TMEM245
tactgaaaa,TMEM245
ccgccgccg,LHPP
ggtttctcc,LHPP
ggacatctc,WNT3
gtttttgtg,MMD
agccctgag,MAPK10
tgtttattt,MAPK10
gttcggagt,MAPK10
cacagtggc,MAPK10
tcaagtttc,GAR1
tcaatttat,GAR1
gcaaatgca,GAR1
ggagcagga,GAR1
cctccgcct,GAR1
ctgtctgtg,GAR1
ggacatgtc,GAR1
gagatgggg,GAR1
aatcctaag,GAR1
gatccaccc,GAR1
ctctatata,GAR1
tgtttataa,GAR1
agcatctca,GAR1
gttgggggg,GAR1
cgggcggat,GAR1
gctttacac,GAR1
atgccagtt,GAR1
gaatctctt,SMIM8
aaaggaggt,SMIM8
ttacataat,NCOA7
tgttcttcc,NCOA7
aatggctca,NCOA7
cctcattaa,NCOA7
tgcacaagt,TULP1
acatggtga,TULP1
gagcgagga,TULP1
tgctgtatc,TULP1
cagggcaag,TULP1
aaatttttt,TULP1
actgccgag,TULP1
aattaaatg,TULP1
gacagcccc,TULP1
aaggactga,TULP1
ggtagctgg,TULP1
tctcgaatt,TULP1
tgcttgcca,TULP1
gaccggcca,TULP1
aattaaaac,TULP1
gcaattgta,TULP1
tgaaaacaa,TULP1
tgaacgaca,TULP1
gaaagtaga,MCM3
atcagtatg,MCM3
cagccataa,MCM3
ctttcactc,MCM3
ctctgtcac,MCM3
atgttgact,MCM3
attatgata,MCM3
tgcatgtca,PERP
cagcaggca,PERP
ttacaatca,MRPS27
atcacaggc,MRPS27
ttttaatgg,MRPS27
aggcttcat,PRLR
ggcttcatg,PRLR
cttttacac,PRLR
gcacaaaga,PRLR
aagcggtta,PRLR
aaaaacacg,PRLR
atataaaat,PRLR
tccagtgaa,PRLR
agtctttga,PRLR
gcctcggcc,PRLR
cggctcctg,ACAP2
gcctcccaa,ACAP2
cctaactac,ACAP2
aaaacgaag,ACAP2
ggaagccct,ACAP2
aagctgtat,ACAP2
tatgtaacc,PDE1A
gtaagtttc,PDE1A
aaaactggc,PDE1A
gctgtatgg,PDE1A
gctaacagg,PDE1A
aagcttgta,PDE1A
accatacaa,PDE1A
aaatacagg,PDE1A
cgtcgggat,PDE1A
aagatgagg,PDE1A
aattgtcca,PDE1A
taaattgtt,PDE1A
gatagtgat,PDE1A
ctatcaaaa,PDE1A
aatacagat,PDE1A
ttggtaaaa,PDE1A
tctaccaaa,PDE1A
tatacgggc,PDE1A
ggtggtggg,PDE1A
cgcagtgag,PDE1A
gaataatta,PDE1A
gcaaagtaa,PDE1A
acagtttcc,PDE1A
tcaaaagta,PDE1A
aaactcatg,PDE1A
tttcgtatt,PDE1A
ttcttatta,PDE1A
gattgtatt,PDE1A
tacttttcc,PDE1A
tatctgaat,PDE1A
gtaaattta,PDE1A
cctacatta,PDE1A
ggagataga,PDE1A
gagatagaa,PDE1A
gtgactcca,PDE1A
atgaggaag,PDE1A
cattcagga,PDE1A
tgaggagag,PDE1A
cttacaagt,PDE1A
ccacttttc,PDE1A
tatacgatt,PDE1A
ataggtaag,PDE1A
acattaaaa,PDE1A
acgtgagct,PDE1A
aatacactc,PDE1A
aggcaggcg,PDE1A
gatactggc,PDE1A
gtggcgggc,PDE1A
gcaacgcac,PDE1A
tttatgacc,PDE1A
gacccagcc,PDE1A
taagttgtt,PDE1A
cctacccaa,PDE1A
aaatctgac,PDE1A
gagattttt,PDE1A
ggccggaaa,PDE1A
ggtgtgttt,PDE1A
ggatgccac,PDE1A
ccctgaatg,PDE1A
gtgaccagg,PDE1A
gcccatgcc,PDE1A
tctgctgct,PDE1A
caattggtc,PDE1A
gtcaaccca,PDE1A
tgtacactg,PDE1A
atatcaact,PDE1A
ggctgtaac,PDE1A
cctgtctgt,PDE1A
aaaatatca,PDE1A
cacattgat,PDE1A
aaaaattca,PDE1A
gccattcaa,GNLY
ctgcctgag,GNLY
gccttccga,IL18R1
ttctgaaga,IL18R1
ggagctgca,IL18R1
aatgatggg,IL18R1
ctcccacct,IL18R1
accagttca,IL18R1
ttctctatc,IL18R1
aaaccttca,IL18R1
tcttttgaa,IL18R1
ttggcctgt,WIPF1
agccgggca,WIPF1
ggagtgaga,WIPF1
taagcgaaa,WIPF1
gtatgaaaa,WIPF1
aaacgtaga,WIPF1
ccccaaaaa,WIPF1
cttccagct,WIPF1
gagggggag,KISS1R
caggcaaaa,CCDC181
agattgggg,FAM47E-STBD1
atccgaagg,FAM47E-STBD1
catacggtg,FAM47E-STBD1
tttcctgtt,FAM47E-STBD1
ctgtcatta,FAM47E-STBD1
atgtattaa,FAM47E-STBD1
cttagaaca,FAM47E-STBD1
tagagttgg,FAM47E-STBD1
aaacaaagg,FAM47E-STBD1
catcatttc,FAM47E-STBD1
cacttagtc,FAM47E-STBD1
gaggcttat,FAM47E-STBD1
tgttacttt,FAM47E-STBD1
tagcaggga,TECTB
ttatggaga,TECTB
gttatgttg,TECTB
gtcatggtg,TECTB
ctgatctaa,TECTB
tgcctgaga,TECTB
caacattct,TECTB
gtgacctgg,TECTB
cacatgatg,TECTB
atttgggga,TECTB
cagacttgc,TECTB
tttttaaaa,TECTB
tacccgggc,TECTB
attacatta,TECTB
atcacgagg,TECTB
tctctttgc,TECTB
caccgtcag,TECTB
cgagtgagg,TECTB
gattggtat,PRB2
ataaagggg,PRB2
ttcaatatc,PRB2
attgttctt,PRB2
tcagcctcc,ANXA11
gttggatgc,ANXA11
ccatttatt,ANXA11
gagcagcct,ANXA11
actctgcca,ANXA11
tttgattcc,OPN4
ccacccttt,OPN4
tttttgttt,OPN4
tttgtttgc,OPN4
aatgaaagt,OPN4
catcgggag,OPN4
aagccatga,OPN4
agccgggca,OPN4
cctcctggg,OPN4
aattagtac,OPN4
aatttaaat,OPN4
catgtatat,OPN4
ggtatgtgc,OPN4
gtctcaaac,OPN4
acacccctg,OPN4
agagtgaca,OPN4
tcacagtta,OPN4
gatcgtgtt,OPN4
ggttggcca,OPN4
agccgtgtg,OPN4
gtgacaagg,OPN4
tgggaggct,OPN4
aagcacccc,OPN4
catacggag,OPN4
ggctggact,OPN4
cttaaaaat,OPN4
ggtcacttc,OPN4
accatgggg,OPN4
ctggtgcct,OPN4
ccttggaca,OPN4
agaagtttc,OPN4
gagttttcc,OPN4
tggaagtgc,OPN4
agcatcccc,OPN4
ctggtgggg,OPN4
cctctcttg,OPN4
tgaccgagg,OPN4
gaggccaca,OPN4
gtagatggg,OPN4
tgagattcc,OPN4
agctgagtt,OPN4
tagcgaatg,OPN4
gcggcattt,OPN4
tgggcgcac,KIAA0087
ataatttta,KIAA0087
aaggttaag,KIAA0087
gagctggga,SARDH
caagcgctc,SARDH
tgttgccct,BATF3
attctgttg,GPR83
aattcatca,MTRR
cttatacta,MTRR
gggttgttt,MTRR
tcttaagat,RUNX2
ggaacggga,DDX31
ctgccgtcg,MCF2L
gtgtcgtgg,MCF2L
cccactcag,MCF2L
ttggaaaga,MCF2L
ggtggcccc,MCF2L
gtgaggtat,MCF2L
cacctgtta,MCF2L
ccccaggag,MCF2L
agcgctgtt,MCF2L
gtggcggtt,MCF2L
ggctggggg,CAPNS1
ccaccggct,PRMT1
tccccagct,PRMT1
cctgcctct,PLA2G5
gcggcggcg,PKMYT1
agctgcctt,CASD1
ttctggagt,CASD1
gcttatact,CASD1
gatgatttt,CASD1
atccgggtc,APOL2
cttagagtt,CDHR3
ttttttcac,MTUS1
caccaaggt,MTUS1
gattgttaa,MTUS1
ctttgtacc,MTUS1
caaaaaaga,MTUS1
gagctaccg,MTUS1
ctcaatttc,MTUS1
gccaggcat,MTUS1
gtcgctttg,MTUS1
cctctttgt,MTUS1
gtgactacc,MTUS1
ggccccagt,MTUS1
ttcattgat,MTUS1
ggaggtctg,MTUS1
gcctataat,MTUS1
aactgctgg,MTUS1
aaagcggtc,MTUS1
cagacgtgt,MTUS1
ttaggggag,MTUS1
aaaatctga,MTUS1
tgtaaaaag,MTUS1
tacatacaa,MTUS1
actcctttg,MTUS1
agccggggt,THEM6
atttaaaaa,THEM6
cagcagagt,THEM6
aggaagatg,SULT4A1
atcaatgcc,SULT4A1
tccttaccc,SULT4A1
aaaatctac,ZBTB46
gccccgggc,ZBTB46
ctaccgttt,ZBTB46
gcggggcca,ZBTB46
ttaacaaaa,GFPT2
gagcttgca,GFPT2
aaattagcc,DYDC2
caggtagat,DYDC2
agagaaatg,DYDC2
ccatctgcc,DYDC2
ccaccgcgc,DYDC2
gcacgctgt,TRPM1
tctcccttg,TRPM1
ctgctgggg,TRPM1
gtgaggcag,TRPM1
gatgggcag,TRPM1
tatgttttt,TRPM1
tccccaaag,TRPM1
gaaacttta,TRPM1
tctcgttgt,TRPM1
ccatggtaa,TRPM1
taacgttta,TRPM1
tccacattc,TRPM1
gctagttgg,TRPM1
ctccgttct,TRPM1
ctcctgggt,TRPM1
accatgccc,TRPM1
agggcccac,TRPM1
ggcactaat,TRPM1
atgcgtggt,TRPM1
gtcaagttc,TRPM1
ggcccttca,TRPM1
ggttctcac,TRPM1
cgggttttc,GSTM5
cacccggcc,ECHDC3
atgtgttga,CYP2J2
gagagactg,CYP2J2
ataccttaa,KLB
ctgccttcc,KLB
ggccctcac,KLB
ttatgggca,KLB
aaccggttt,KLB
agatgtgac,KLB
gcggagctt,KLB
ctgcgtccc,KLB
ggagccact,KLB
tggcgccac,KLB
ctgaattcc,KLB
aaggagctc,KLB
agggccatg,REPS1
ccctatctc,REPS1
actcgttca,REPS1
atcacgaaa,REPS1
tcacactgt,STX6
ttttatatt,STX6
ctcccgtct,ADAMTS7
ttccccctg,RSAD1
aatgtacat,IL33
ctctatgta,IL33
tttaatgct,IL33
gccacgcgc,IL33
gaaagaaat,IL33
accttacat,IL33
actcttaaa,IL33
ggcttgggg,IL33
aagaaatat,IL33
cataaattt,IL33
ttagccatt,IL33
tgggcgcca,IL33
cagagagaa,IL33
ctgggtgga,IL33
acggggaga,IL33
caaactaaa,IL33
ggcaccccc,IL33
agaccattg,IL33
atcacctaa,IL33
ggatacaaa,IL33
cactactac,IL33
ttgtggaag,IL33
gaaggctcc,IL33
catacgcaa,IL33
gctacgaat,IL33
acatagtga,IL33
cctgagctc,IL33
ttcagtttt,IL33
tacactgtc,IL33
aaccatcaa,IL33
acttctcct,IL33
cccctagcc,IL33
gaatattta,IL33
tgagagtgc,IL33
aaagaaatg,IL33
gatgtggta,IL33
aaactagga,IL33
atatgctac,IL33
taaacataa,IL33
ttaaacaca,IL33
tgggtgaca,IL33
ttgctcaat,IL33
tccatccac,IL33
gtcattttg,IL33
caccaggct,IL33
aacaatacc,IL33
agtttatga,IL33
taatgtaaa,IL33
ctcatgcct,IL33
atttctgtt,IL33
tccaggtct,IL33
ttatacata,IL33
atggattga,IL33
aagataaat,IL33
gagaagagt,IL33
gagaccctg,IL33
atacgtaca,IL33
tgtggtttt,IL33
cagttttga,IL33
gatatacca,VARS2
tttctaaaa,ADAMTS14
tcccgagta,ADAMTS14
atagtatat,ADAMTS14
tacaaagtt,ADAMTS14
aacagcaaa,ADAMTS14
catacacct,ADAMTS14
tctatcgtt,ADAMTS14
gatgcgggc,ADAMTS14
attgatttt,ADAMTS14
gaaggtttt,ADAMTS14
ctggcacat,ADAMTS14
gactgggat,ADAMTS14
ccaggcatg,ADAMTS14
tagcctttg,ADAMTS14
agtcctttt,ADAMTS14
aaaaaacac,ADAMTS14
cttggaata,ADAMTS14
cccaaggta,ADAMTS14
cataactga,MDH1B
cccttaagt,MDH1B
atgacttac,SHF
tcttaggca,SHF
agccgagat,GALNT6
aaaacgtta,METTL21C
taatggatt,METTL21C
cttttaaaa,METTL21C
tcagttctt,METTL21C
tgttacaaa,METTL21C
taggacccg,METTL21C
tctcgtcta,METTL21C
gtccagttc,CBLN3
ccccaaaaa,PTGR2
ctcacgcct,PIF1
agtggtccg,PIF1
acatcaagc,TXNL4B
tgatgtgca,TXNL4B
tgttgccca,TXNL4B
aaaaaatag,ADAMTS18
agaccaaag,ADAMTS18
cacatgacg,ADAMTS18
accatcttc,ADAMTS18
gtatcgctg,ADAMTS18
tattcgttt,ADAMTS18
aaaacttct,ADAMTS18
aaacatttt,ADAMTS18
atgtgcata,ADAMTS18
agaccatat,ADAMTS18
ctttgggag,ADAMTS18
atctaggaa,ADAMTS18
aagtgtgca,ADAMTS18
agccctttg,ADAMTS18
taatgtggt,ADAMTS18
ttacttccc,ADAMTS18
atcacgcca,ADAMTS18
aaaatctct,ADAMTS18
ttacaactt,ADAMTS18
acttggcca,ADAMTS18
tttagtact,ADAMTS18
catataaat,ADAMTS18
ccgcttacc,ADAMTS18
caggcgtgg,ADAMTS18
tgcagtcca,ADAMTS18
aaagggtgc,ADAMTS18
ccacttatg,ADAMTS18
atgagaata,ADAMTS18
ataaacttc,ADAMTS18
ccaacttgg,ADAMTS18
ttaacagga,ADAMTS18
gttcttgtt,ADAMTS18
ctgtagttg,ADAMTS18
ggttttcaa,ADAMTS18
caatgtttt,ADAMTS18
gggtctaga,ADAMTS18
tctatgctt,ADAMTS18
ttctgtggt,ADAMTS18
aaagatttg,ADAMTS18
ggatgtagg,ADAMTS18
ggccatata,ADAMTS18
aaatcaatt,ADAMTS18
agtgactta,ADAMTS18
aaccctgtc,ADAMTS18
tggtaccag,ADAMTS18
aaaaggaac,ADAMTS18
agcctatta,ADAMTS18
aagtgtatc,ADAMTS18
acctgtcct,ADAMTS18
gaacctgcc,ADAMTS18
tttttttct,ADAMTS18
acatgaaga,ADAMTS18
ggggtcacc,ADAMTS18
gcagcgcac,ADAMTS18
gcttggtaa,ADAMTS18
tctgtataa,ADAMTS18
tcagagcta,ADAMTS18
cacccggcc,ADAMTS18
tcccctcaa,ADAMTS18
ccgagggaa,ADAMTS18
cgagggaaa,ADAMTS18
gcccgctac,ADAMTS18
ctcatccgg,ADAMTS18
gcctcaagg,ADAMTS18
ttaatttat,ADAMTS18
aacaccaca,ADAMTS18
tagctcaca,ADAMTS18
ctcacacct,ADAMTS18
tccactgaa,ADAMTS18
aatacaaaa,ADAMTS18
aaccataaa,ADAMTS18
atatgctgg,ADAMTS18
aatgtaaaa,ADAMTS18
tttatttat,ADAMTS18
cccatgctg,ADAMTS18
agacggggt,ADAMTS18
agccgcgcc,ADAMTS18
tacctcata,ADAMTS18
ttaatgtga,ADAMTS18
ctggtcatg,ADAMTS18
attgcccca,ADAMTS18
gacttagca,ADAMTS18
cttttttgt,ADAMTS18
cctggccca,ADAMTS18
ttgctgaga,GAS8
acacggcaa,GAS8
agttatggg,GAS8
agatagggt,GAS8
gtgacagag,RHBDL3
gccaataaa,ZFP14
ttatactat,ZFP14
ccttatgaa,CASQ1
caaacgggc,CASQ1
taccccacc,CASQ1
tgagctaat,ABL2
ttttttgag,ABL2
tctactggg,ABL2
ccagggggg,ABL2
cttaaaaga,ABL2
aatttattt,ABL2
tgagccaag,MLK4
tctagataa,MLK4
aaagatttt,MLK4
tccttgcct,TBC1D7
tgttgttga,HMGCLL1
taattaaat,HMGCLL1
ttcctagaa,HMGCLL1
ccggcggtg,C7orf50
ttttccatc,C7orf50
ttacggccc,C7orf50
aaacagcat,C7orf50
gcacgtctg,C7orf50
taggagttc,C7orf50
aggcgtgca,C7orf50
gttccacat,C7orf50
gtcctgggg,C7orf50
ttctcgacc,C7orf50
ctgtacccc,C7orf50
agctcctgc,C7orf50
cccatgggt,C7orf50
gctcgtgta,C7orf50
acacgacgg,C7orf50
ctgtgggcc,C7orf50
gccccaggc,C7orf50
gggccgggg,C7orf50
gcaccgagc,C7orf50
ggccgcata,C7orf50
atgtataac,C7orf50
ggcagtgag,C7orf50
gcaccgtgg,C7orf50
agccgtgca,C7orf50
tcctctcaa,C7orf50
aggcagagt,POMZP3
tcttctttt,POMZP3
caggcggtc,POMZP3
atataaaga,POMZP3
gggcccccc,POMZP3
gcctcgtga,POMZP3
cgcagtctc,POMZP3
caaacaaaa,POMZP3
cacctggcc,POMZP3
ctccagtct,POMZP3
aaaccccgt,MEPCE
atctataat,MEPCE
cctcaaggc,MEPCE
tggagtttc,CHST7
acaagcaac,CHST7
gcgggcggg,CHST7
ccccgcctg,CHST7
aagtgaaaa,CHST7
ttctgtatt,CHST7
ttggttata,CHST7
tccatctcg,CHST7
gtggtgcgc,CHST7
aaaaaatta,CHST7
aagcaattc,CHST7
ggtgcgatc,CHST7
tactcggga,CHST7
aggtagaca,CHST7
aattttgtg,CHST7
agccgttgc,CHST7
gtgacgttc,CHST7
gtcatagta,CHST7
actcgggag,CHST7
actgtgccc,CHST7
caacgcctc,CHST7
ggcacgagg,CHST7
tcaggtaac,CHST7
acatcaaat,CHST7
gaaccgccc,CHST7
ccagtttct,GOLGA7
ctgttggtg,GOLGA7
agataaaga,GOLGA7
ccacatgct,GOLGA7
cagatatat,GOLGA7
atggcctcg,C9orf142
aggccgaga,C9orf142
agacggaga,C9orf142
caccgctgg,C9orf142
cctccactc,C9orf142
aaaacgtga,C9orf142
ctcagtgtc,RGR
catcgcgta,RGR
ggcctgcac,RGR
ctctgatca,SLC5A12
acctcctga,SLC5A12
gggcagtgt,SLC5A12
tgtcataaa,SLC5A12
acaaataat,SLC5A12
cctggccac,SLC5A12
atctgattt,SLC5A12
agagcggca,SLC5A12
agtgaaagg,SLC5A12
gattgtggc,SLC5A12
gagagggtg,SLC5A12
cagcaagcc,SLC5A12
gtgcaggaa,SLC5A12
agaacttat,SLC5A12
tattctatc,SLC5A12
tcatttttt,SLC5A12
tcttcgggt,SLC5A12
cttcccctg,SLC5A12
atgggttca,SLC5A12
tcggtagat,SLC5A12
tttcctctt,SLC5A12
tgtagtctg,SLC5A12
ttattattt,SLC5A12
atttcattg,SLC5A12
tgtaggtgc,SLC5A12
ggctaattt,SLC5A12
tatatagga,SLC5A12
acggccaag,SLC5A12
gtaaggaat,SLC5A12
cgggcgtgg,SLC5A12
gtacctgcc,SLC5A12
ttttcttga,SLC5A12
actggcagt,SLC5A12
tttagatgt,SLC5A12
ttggggaag,SLC5A12
atggcacac,SLC5A12
taaagtaat,SLC5A12
cactgacta,SLC5A12
ttcctaaaa,SLC5A12
caacactgg,SLC5A12
caccactgc,SLC5A12
aattatact,SLC5A12
aggagctcg,SLC5A12
aggaggatt,SLC5A12
ctttggaaa,SLC5A12
ttgcacctt,SLC5A12
ttgctattg,SLC5A12
gattgttat,SLC5A12
tcccgttag,SLC5A12
attatttct,SLC5A12
gtattctta,SLC5A12
aagccaaac,SLC5A12
aatcgccat,SLC5A12
agaaaagag,SLC5A12
gcaatattg,SLC5A12
tttcagtaa,SLC5A12
tgtgcaatg,SLC5A12
aaataataa,SLC5A12
aattctcaa,SLC5A12
tttttctca,SLC5A12
cttatgcaa,SLC5A12
aaaagaaaa,SLC5A12
tatatccca,SLC5A12
cagcgttga,SLC5A12
cccactgca,SLC5A12
aatgcgtga,SLC5A12
aagacatct,SLC5A12
cctgtgtct,SLC5A12
aagtcctgg,SLC5A12
attacgata,FREM2
tctcagttt,FREM2
tttgatcat,FREM2
ggtcagtca,FREM2
taaaccttc,FREM2
gagaagggt,FREM2
gtctctatt,FREM2
ttttgagat,FREM2
atttagaaa,FREM2
aaaattaaa,FREM2
ggcttggta,FREM2
gggcttcag,FREM2
cttggttcc,FREM2
cctcattta,FREM2
ccaggttca,FREM2
actccaaaa,FREM2
aagattgta,FREM2
ccaggagtg,ALLC
actccgtta,ALLC
actcgttcc,ALLC
gcacgttct,ALLC
aataagaag,ALLC
tggcccaag,ALLC
attattttt,ALLC
ctgaaaaga,ADAMTS12
atctgcctg,ADAMTS12
ggagctttc,ADAMTS12
tggtcactt,ADAMTS12
tctacgcac,ADAMTS12
aactggatg,ADAMTS12
tagccataa,ADAMTS12
gcttagcct,CENPJ
ggtcgttat,CENPJ
atgtataac,CENPJ
gtcatggtt,CENPJ
ggaaacaga,CENPJ
agcacggaa,CENPJ
tagacgcac,CENPJ
aatcccaca,CENPJ
caaaagcag,CENPJ
aaagcaatt,CENPJ
gcgggagcc,CENPJ
aggagaaag,CENPJ
gaaacaaaa,CENPJ
aaattggtt,CENPJ
tccaagagg,CENPJ
caattataa,CENPJ
ttataacca,CENPJ
tgatatctg,CENPJ
ccctgtctc,CENPJ
agtcaagca,CENPJ
aggattgct,CENPJ
cacttggac,GFRA1
ggacgggca,GFRA1
atggccaag,GFRA1
ccatctgct,GFRA1
ggtgcgcac,GFRA1
tctcgttcc,GFRA1
ttgtgccta,GFRA1
ctgaacaaa,GFRA1
tccagagga,GFRA1
taagagctc,GFRA1
acacctgtc,GFRA1
atatgttaa,GFRA1
ttccgtcta,GFRA1
gaaggctga,GFRA1
gaaatggaa,GFRA1
atctgtgga,GFRA1
atgaaacta,GFRA1
gccatggac,GFRA1
aaatttaca,GFRA1
aaagatcaa,SPEF2
ctaaactct,SPEF2
agtatattt,SPEF2
tctccagtt,SPEF2
cttcatgga,SPEF2
tggggccac,SPEF2
actccggcc,SPEF2
aggcgcaaa,SPEF2
ctagcttca,SPEF2
accgtgccc,SPEF2
catagcact,SPEF2
ccccgctgg,SPEF2
gtgccatcc,SPEF2
agccaggca,SPEF2
gtttactaa,SPEF2
agtacggag,SPEF2
tgagcgatt,SPEF2
acccatgta,SPEF2
tttggcaat,SPEF2
taaactatt,SPEF2
gtgagtaaa,SPEF2
attgatagt,SPEF2
atacttctt,SPEF2
aatttaaaa,SPEF2
cagacgaaa,SPEF2
acagacagc,SPEF2
caatgctat,SPEF2
cctccgcca,SPEF2
atacgctgc,SPEF2
cagattttc,SPEF2
ttaataaat,SPEF2
aatgacact,SPEF2
gtctcaaaa,SPEF2
gtatattaa,SPEF2
ctggttcat,SPEF2
tagtcggtt,SPEF2
gaaattggt,SPEF2
catcggtac,SPEF2
aggtacaaa,SPEF2
ctcacgcct,SPEF2
acctcggcc,DDX4
atccgctgt,TEX29
tggcgggtg,TEX29
ttccggcct,TEX29
taattctaa,TEX29
ttaccgaaa,LURAP1L
gacccattg,LURAP1L
tttacgctt,LURAP1L
gtgtgtttc,LURAP1L
atgcgtacg,LURAP1L
tgaagcccc,LURAP1L
gaactaagg,LURAP1L
aaaatcaag,LURAP1L
tagtagctc,LURAP1L
gatttttgt,LURAP1L
cctagtttc,LURAP1L
ttagcatta,LURAP1L
aaacacatt,LURAP1L
aagaaaatt,LURAP1L
tgaaagaag,LURAP1L
tgggcaaca,LURAP1L
tttaatata,LURAP1L
actttaggt,C17orf50
atcacgaag,C17orf50
ggacggaat,C17orf50
ccctaacta,C17orf50
tgattgcgc,C17orf50
ccccggata,C17orf50
gtgcgccac,C17orf50
gcatgatca,C17orf50
aggtccatg,C17orf50
caatatggt,C17orf50
gcgtccggc,C17orf50
tgacccaaa,C17orf50
tcacgtctt,C17orf50
aatggaaaa,C17orf50
gaatgtaaa,C17orf50
atgataaaa,C17orf50
aggatagag,C17orf50
aagacgagg,C17orf50
tccatagga,C17orf50
cagaaatag,EME1
ctgcctgtg,EME1
caaatgttt,PTPRN2
cgagttctt,PTPRN2
gctcggcag,PTPRN2
actagtcaa,TMEM237
tacacagca,RWDD2B
ataccctgt,RWDD2B
gtgccactg,RWDD2B
catatgaaa,RWDD2B
caccactgg,RWDD2B
tctcgccat,RWDD2B
aatagttta,RWDD2B
ctttcatat,RWDD2B
tcagcttgt,NODAL
cacttaagg,NODAL
taatttcac,NODAL
cactttgtc,NODAL
ctgatctca,NODAL
gggccgggc,NODAL
atgttatgg,NODAL
tcccgtgtt,NODAL
attagcctt,TBC1D31
cggtccttg,TBC1D31
cccacgatt,SLC13A3
cagcccttg,SLC13A3
aaatgtcgt,SLC13A3
agaaagcct,SLC13A3
tcccactgt,SLC13A3
ggttatagg,PADI4
agttcgaaa,PADI4
aaggtggag,PADI4
caaagtata,PSMD4
ccccggcag,FTCD
gcttcattc,FTCD
tccacagca,FTCD
cacagagcc,FTCD
ccccgcccg,FTCD
acaggtgcc,FTCD
gaaacgcaa,FTCD
catctgtgt,FTCD
gtacatggc,FTCD
tggttgggc,FTCD
tgggtaaca,FTCD
ctattgtca,FTCD
agggcgtgt,FTCD
cctacgtta,FTCD
cgttggtga,FTCD
tccacactc,SLC2A6
gctggactt,SLC2A6
gtgattctg,SLC2A6
ccccgtgcg,SLC2A6
ctcctgctt,LCN1
ctccactca,LCN1
agcaccctc,LCN1
tgtgcgggg,LCN1
ttggcctgg,LCN1
agagctagg,SPTBN4
aagcaattc,SPTBN4
ggcgatatg,MUM1
gtatatagt,SCGB3A1
tcaccctgt,SCGB3A1
tctttcagt,SCGB3A1
gtcagagac,SCGB3A1
atggcgaaa,SCGB3A1
gtgagctga,SCGB3A1
tccttaaat,SCGB3A1
tcccgagta,SCGB3A1
ctctctttt,SCGB3A1
agcatacct,SCGB3A1
ttttaggtt,SCGB3A1
ttaggttta,SCGB3A1
cccaacatc,SCGB3A1
tgggatttt,SCGB3A1
taacaattt,SCGB3A1
tagccaggc,AQP5
tcccacgca,SLC1A7
ccacgaagt,SLC1A7
gactctgct,SLC1A7
ctccttggc,BSND
tccagtcct,AGL
cccccacct,AGL
ccttataca,AGL
catggtggc,WDR64
tgctgtgac,ANKRD30BL
tttggtgga,ANKRD30BL
agccgcccc,ANKRD30BL
gccacccct,ANKRD30BL
agaactctc,ANKRD30BL
agatggatg,ARHGAP25
caccccagc,ARHGAP25
ccacgtcct,ARHGAP25
gcttgggac,ARHGAP25
gagagacca,ARHGAP25
tcaagtctc,EIF4E3
taatagcac,EIF4E3
ataaaaaga,EIF4E3
aacatctag,EIF4E3
aaaaccttt,IGFBP7
gacccagcc,IGFBP7
ggtgacgtg,IGFBP7
taccaggtg,IGFBP7
gattatagt,IGFBP7
aaccgttcc,THOC7
ttccatcct,THOC7
ctccttgct,THOC7
tatctaggc,THOC7
aaaactaaa,THOC7
ttagtcaag,THOC7
gtaaagacg,THOC7
ggtctcgat,THOC7
gtctcgatc,THOC7
tgtcgccca,THOC7
ctcccgagt,THOC7
caaacctgc,THOC7
atttatatt,THOC7
tgaacgaat,SCRG1
ttgttgggg,SCRG1
ggggggttg,SCRG1
ttcacgatt,SCRG1
aaaaatttt,SCRG1
ctctcccca,SCRG1
cattcctcc,ASB5
aatgtttcg,ASB5
agaatgaag,ASB5
acatagtga,ASB5
gcccgagtt,ASB5
tcacaaagg,ASB5
aaatgtaaa,ASB5
caagcaaca,ASB5
ccatgaata,ASB5
aatgcgccc,ASB5
atgacggaa,ASB5
gcacataaa,ASB5
tccatgata,ASB5
aagactagc,PI16
ccacgcctg,PI16
aaacagctc,PI16
tttacgtac,PI16
ttttcgtga,PI16
gaattgctt,PI16
aaaacggtc,PI16
tcatgcccg,PI16
gtactcctt,PI16
tggacaggt,AQP7
agccgtagt,AQP7
tccacttcc,AQP7
caggcatga,AQP7
tgaggtcgg,AQP7
gttcgagac,AQP7
tcctggaag,AQP7
ggccgtgat,ENOX2
gtgatgaaa,ENOX2
tagcgtaac,ENOX2
ggaagtggg,ENOX2
tagaatgtt,MYRFL
cactcccca,CYB5A
ttatcaaac,TMPRSS5
ttaaatgac,TMPRSS5
aagagaggg,TMPRSS5
cacaatggc,TMPRSS5
ctgcaccat,TMPRSS5
ttgcgtttg,TMPRSS5
gctatgaat,TMPRSS5
atttgcaat,TMPRSS5
catttctgc,TMPRSS5
aggctatcc,TMPRSS5
ccacattag,TMPRSS5
ttcccgctt,TMPRSS5
tgtacaact,TMPRSS5
cctaatggt,TMPRSS5
tagtcgggg,TMPRSS5
taaacgacg,TMPRSS5
aagaccaga,TMPRSS5
aaagtgagc,TMPRSS5
gactctgca,TMPRSS5
agtcggctt,TMPRSS5
tgaacctgg,TMPRSS5
tcctgcctc,TMPRSS5
aggggatgg,TMPRSS5
tacataatt,TMPRSS5
atgaccagt,TMPRSS5
ttcctagag,TMPRSS5
taacgtgaa,TMPRSS5
gtgcagtgg,TMPRSS5
tggaataca,TMPRSS5
caccgcacc,TMPRSS5
agttcgcga,TMPRSS5
acagctttg,TMPRSS5
agggcagga,TMPRSS5
ttttcccct,TMPRSS5
aaaatgaat,TMPRSS5
gcaccctaa,TMPRSS5
aattaaaaa,TMPRSS5
aggggattg,TMPRSS5
tgatcatga,TMPRSS5
aaattagcc,TMPRSS5
tactaggga,GREM1
gtctgggcc,POP5
atttcaact,TUBA1C
cagccgggc,TK1
gttcaagac,TK1
agctgcccg,TK1
gctcaaccc,KCNG4
ggcactcag,KCNG4
gccttcgag,KCNG4
agtgctatt,KCNG4
cgtcacttc,KCNG4
catattgga,CRYGA
atagtctac,CRYGA
gaggctgag,PTK2
ggaatcctg,PTK2
ccaccgtgc,PTK2
taccgacag,PTK2
tcttattat,PTK2
ggttcgaat,PTK2
aataagcaa,PTK2
gtagcaata,PTK2
acttgagac,PTK2
agtggtatg,PTK2
ttggaaggc,PTK2
gggtgacag,PTK2
ccttcgatt,PTK2
tctcgaact,PTK2
ccaagtcct,CCDC8
atattatag,CCDC8
ttttagtag,CCDC8
cctgggctc,CCDC8
aattacaaa,CCDC8
aataagcca,CXorf48
gcctcggcc,CXorf48
tgattgtcc,CXorf48
agacggggt,CXorf48
tagcgttcc,WNT10B
gaggctgtg,WNT10B
tgctctgtg,OTUD7A
gatatcttc,OTUD7A
aaaatgaaa,OTUD7A
cacactggc,OTUD7A
atttaatca,OTUD7A
ctggctccc,OTUD7A
agtgataag,OTUD7A
ctcatggaa,OTUD7A
ccccaaaaa,OTUD7A
tcgtctgtc,OTUD7A
ctcagagca,OTUD7A
cccactgca,OTUD7A
tttcaaggg,OTUD7A
attcggtaa,OTUD7A
atttgcccc,OTUD7A
aagtcgtta,OTUD7A
aggcgaaaa,OTUD7A
gggcgttcc,OTUD7A
tttgctact,OTUD7A
aaagacccc,OTUD7A
tctacctgg,OTUD7A
gcaaggggc,OTUD7A
tttttaaaa,OTUD7A
agggattaa,OTUD7A
agagagttt,OTUD7A
gttacctcc,OTUD7A
ctgcgctct,OTUD7A
gctggcgca,OTUD7A
gttggtgat,OTUD7A
ttcttttcc,OTUD7A
attataagc,OTUD7A
ccatcgtgc,OTUD7A
aatacgcaa,OTUD7A
tgggctagt,OTUD7A
ttgccttgt,OTUD7A
aaattcata,OTUD7A
taccattcc,FRMPD2
agacctggc,TPPP
ccggggctc,TPPP
tcccctgcc,TPPP
ccacgccaa,TPPP
cacaaccgc,TPPP
caagaatgg,TPPP
gcacgtggc,TPPP
gcaccgtga,TPPP
ccggaccct,TPPP
agatgctgg,TPPP
tacaggggc,TPPP
ctgctctgg,TPPP
gaatagagg,TPPP
cagatacat,TPPP
ccagctgtt,COL24A1
atccgctaa,PAH
tcacttttt,PAH
gagaccttg,RAB37
tgaagaatg,ZNF680
atatatttt,ZNF680
ccccatgct,ZNF680
ttcctgctc,ZNF680
atgccggga,ZNF680
tcccattta,ZNF680
actagctgg,ZNF680
acatcgatg,ZNF680
catcgatgg,ZNF680
gttgaaagg,ZNF680
atgtctacg,ZNF680
ctacgcagc,ZNF680
cagctgaag,ZNF680
tatcgtgaa,ZNF680
cttatgaag,ZNF680
tgctgtctc,ZNF680
gaaccgcac,ZNF680
gagaatcag,ZNF680
cgctttgtc,ZNF680
accttttta,ZNF680
cccagtcaa,ZNF680
tcaacgttt,ZNF680
tgggcagaa,ZNF680
cgtcataat,ZNF680
actggccca,ZNF680
tggcccagg,ZNF680
atgatgctg,ZNF680
gtagcagtc,ZNF680
ataataggt,ZNF680
cttctgtgt,ZNF680
atcacacct,ZNF680
ctgtgggtg,ZNF680
atgtggcct,ZNF680
tgtgtgaga,ZNF680
gtgcaccta,ZNF680
ggttcaggc,ZNF680
agggtcaca,ZNF680
tttcggagg,ZNF680
tttgtaaaa,ZNF680
cccagcaat,ZNF680
agataatat,ZNF680
ataatattg,ZNF680
gaattcttc,ZNF680
accacacag,ZNF680
tggcgtggt,ZNF680
ccagtattg,ZNF680
accacattc,ZNF680
cacaccacc,ZNF680
cacgaaaaa,ZNF680
ggttgacat,ZNF680
tcaagactg,ZNF680
gcctctctt,ZNF680
ctggacaca,ZNF680
agattaaaa,ZNF680
gcctcccaa,ZNF680
gggcgggga,ZNF680
tttggtggt,ZNF680
gctgggggt,ZNF680
aactcagaa,ZNF680
gcccatcaa,ZNF680
ttctatggt,ZNF680
tctgatttt,ZNF680
tctaataaa,ZNF680
agtaaaggc,ZNF680
tcttgaaaa,ZNF680
ttctattgc,ZNF680
acagttaaa,ZNF680
aagacggca,ZNF680
cctccagag,ZNF680
tttttatta,ZNF680
ctttccgcc,ZNF680
tgttcaggg,ZNF680
aattctttt,ZNF680
tttggcaag,ZNF680
tgaggggga,ZNF680
ggccccaga,ZNF680
aaatgttca,ZNF680
ctctaaaga,ZNF680
gcatatact,ZNF680
tgaataaaa,ZNF680
agatgatgt,ZNF680
acctcggct,ZNF680
ccaccggtg,ZNF680
ttacccccc,ZNF680
ctgtgtagt,ZNF680
tccatctaa,ZNF680
taggactat,ZNF680
tagcatacc,ZNF680
aaatgcacg,ZNF680
ggaacctgt,ZNF680
aaagcgttt,ZNF680
catgtcccc,ZNF680
ccgcgcccg,ZNF680
tgccggggc,ZNF680
acaagaaac,ZNF680
ggctcaggc,ZNF680
gaacctggg,ZNF680
ctttgtacc,ZNF680
agaatagag,ZNF680
tgcctacta,ZNF680
tagtggaga,ZNF680
tacaaaaat,ZNF680
gccaagagg,ZNF680
aaaggatag,ZNF680
aaaggggcc,ZNF680
ttttaaaaa,ZNF680
ttccgggga,ZNF680
tcacatagg,ZNF680
ggaaattag,ABLIM3
ctctcatct,ABLIM3
gtgtgttgt,TNFRSF10C
agacagagt,TNFRSF10C
ctcgttctg,TNFRSF10C
gcctatgtc,TNFRSF10C
ctcacgttt,TNFRSF10C
ccaggtagc,SPATA3
ctgagaagt,SPATA3
tagcgtgtt,SPATA3
cgggtcatt,SPATA3
atcagcctg,SPATA3
gaaggttag,SPATA3
gactcttat,SPATA3
agtcagatt,SPATA3
ttacattat,SPATA3
ggtatagaa,SPATA3
aagttgcaa,DPY19L1
aacaccacc,DPY19L1
atcaccata,DPY19L1
tgacagtaa,DPY19L1
gcaatggct,DPY19L1
aacaatctt,DPY19L1
aaatatttt,TMEM167A
tgaacaaat,TMEM167A
tctcgtgag,TMEM167A
ctttctcca,TMEM167A
gaggttgca,AMZ1
tgcctagat,AMZ1
gagggcctc,AMZ1
gtagctggg,AMZ1
taggcgtga,AMZ1
tctcgatct,AMZ1
acctggtga,AMZ1
gggcggctc,AMZ1
gtgggtcat,AMZ1
tgtgtggcc,AMZ1
catctggcc,AMZ1
ggcctagct,AMZ1
gctgtatct,AMZ1
tctccgttc,AMZ1
ttccgtgag,AMZ1
cgccgaaag,AMZ1
gtgcggtgt,AMZ1
aacaccagt,AMZ1
ctcacgaga,AMZ1
acccagatt,CA5A
ttcctccaa,CA5A
tgtcaccct,CA5A
gcaagaaga,CA5A
ggaattttc,CA5A
agaatgccc,CA5A
atgggctcc,CA5A
tgaaggaac,CA5A
tattgtttt,CA5A
acaatcagc,CA5A
gtgcagcct,CA5A
tgttctttt,CSRP2
tcaatttta,CSRP2
aaaacaaaa,CSRP2
tctttacct,CSRP2
tttttctct,CSRP2
gccatgtag,CSRP2
ccagcgtca,MSRA
agggaaagg,ACSF3
gggttttgt,ACSF3
cagcctctt,UBE2U
aattgatgg,UBE2U
ccagcactt,UBE2U
tctcaccag,UBE2U
cttgactat,UBE2U
aatcggttc,UBE2U
tctgacctt,UBE2U
ggttgttat,UBE2U
aacacaatt,UBE2U
ggtgcgcca,UBE2U
aagtgctgg,UBE2U
ccacgtgtt,UBE2U
cctcaagaa,UBE2U
gtctcatgc,UBE2U
gaacatgct,UBE2U
atgtgttta,UBE2U
cgtgtcatg,UBE2U
cttcctcat,UBE2U
taccgtaca,UBE2U
gcctccatg,UBE2U
cttcccgtt,UBE2U
ctgccctga,UBE2U
agctcatga,UBE2U
cttttgctg,UBE2U
aacccactg,UBE2U
gggtggggc,UBE2U
tgcccggag,PNPLA2
gtctgcagc,PVRL3
ctcggtttt,PVRL3
gaaaccctt,PVRL3
aggatggct,PVRL3
gagaattcc,PVRL3
tgtatatct,PVRL3
gatcattct,PVRL3
actatgttt,PVRL3
gcacgtgta,PVRL3
tctggtagt,PVRL3
gcctaatat,PVRL3
agccagggc,LCN15
caaagaggc,LCN15
cttccacct,PRSS36
gggggaatc,PRSS36
gtctatggc,PRSS36
agattgcgc,PRSS36
cctccgcct,PRSS36
ctcactgca,PRSS36
ggactacag,PRSS36
aaaattttt,PRSS36
ccgcgctca,PRSS36
cctccctcc,PRSS36
aatactaat,C5orf64
ttagagttg,C5orf64
cagaacctc,C5orf64
atctgttcc,C5orf64
gttagaaaa,C5orf64
ctttgctct,C5orf64
gactttgcc,C5orf64
ctctgttta,C5orf64
tttaaaggc,C5orf64
gtttctgca,C5orf64
acccagaat,C5orf64
tttcatgct,C5orf64
tctcggtgc,C5orf64
tcaactctc,HTR1D
tggcgggca,BHLHA15
gggcacctg,BHLHA15
ctcactgca,BHLHA15
acagggtct,BHLHA15
gaggttgtt,BHLHA15
atccctgtg,BHLHA15
agaacgaaa,BHLHA15
gcagccatt,BHLHA15
catgaagcc,BHLHA15
gaaattccg,BHLHA15
cctccgtcg,BHLHA15
ctcttgtgg,BHLHA15
tgaggcggg,BHLHA15
cagggaggc,BHLHA15
caggcggga,BHLHA15
cggcgctgt,BHLHA15
tatcttaca,BHLHA15
cccggggag,BHLHA15
gatccgctc,BHLHA15
gagacggag,BHLHA15
gccccgtac,BHLHA15
ccgcacctg,BHLHA15
gtccgattt,BHLHA15
tgggtggtg,BHLHA15
tttttaaat,BHLHA15
aaaatatat,BHLHA15
agtcgtgac,BHLHA15
caccttgcc,BHLHA15
ggggtactg,BHLHA15
cgcccggtc,BHLHA15
cgcctggtt,BHLHA15
tggcgtgat,BHLHA15
gaggatcct,OXTR
ccactcctg,OXTR
ggacagcgt,OXTR
ctgggagag,OXTR
tcactccac,OXTR
ggtagtttt,OXTR
gcacgggat,OXTR
aaaccttcc,FAM83H
tacagtgat,FAM83H
tttactcat,FAM83H
caacaaatt,NME9
attataaag,FAM89A
gaaccatga,FAM89A
agacggcag,FAM89A
aattaatta,FAM89A
aattaatta,FAM89A
ttccgttaa,C2orf82
ccttcgaaa,C2orf82
acagacagt,C2orf82
tatctcatc,C2orf82
cagcgcggc,C2orf82
ctgctagcc,C2orf82
cgggggcgg,C2orf82
aaccctacc,RESP18
acccaagaa,RESP18
cttgggggt,RESP18
agccatcat,RESP18
aacacttgt,RESP18
gtccattta,RESP18
cccggtgtg,RESP18
tgcacccac,RESP18
cacagacac,RESP18
catcccaga,RESP18
cccccgctc,RESP18
tcctgcctt,RESP18
agtggtatt,RESP18
tgaatcctg,RESP18
ctgtctcct,RESP18
caactggct,RESP18
gcttcaccg,RESP18
gcacctgga,RESP18
gaggatagt,RESP18
caacagccc,RESP18
ctattgtga,RESP18
ctttttaaa,RESP18
gtttgatct,RESP18
agagcaagt,RESP18
tctcaggcc,RESP18
gtaacgggg,RESP18
ctacataat,RESP18
ccagctggg,RESP18
gttccgggt,RESP18
cggcgcccg,RESP18
gtgtccaca,RESP18
tatttctga,RESP18
attttattg,RESP18
caaggctgg,RESP18
atctcggct,RESP18
cctcatctt,RESP18
tcccaagga,RESP18
cactcggat,RESP18
ttggtttgt,RESP18
tgagcgggg,RESP18
aactagcta,RESP18
gtggacttc,RESP18
cctacagag,RESP18
gtctcaata,RESP18
taaatgggg,RESP18
tgaacccag,RESP18
catgacagg,RESP18
agccaggcg,RESP18
ggcatgtgc,RESP18
gaaatgggg,RESP18
attaaacac,RESP18
gtccctaag,RESP18
tctttgtct,RESP18
agcatccac,RESP18
caaaaggaa,RESP18
ggatcgggt,RESP18
atctgttgc,RESP18
gccagcaca,RESP18
ggggttctg,RESP18
agctactct,RESP18
taaaaagga,RESP18
ggaaggatg,RESP18
gcatagtgg,RESP18
cccccccgc,RESP18
aaggtgtga,RESP18
tgcactgag,RESP18
atatggata,RESP18
atgcatgca,RESP18
gtgcacctg,RESP18
tcgcggggg,PYCR1
gccttggcc,PYCR1
gggctcccc,PYCR1
aggctgagg,PYCR1
atgcaccct,PYCR1
ggaacaggg,IGSF5
gcaaacttc,IGSF5
gttttaaga,IGSF5
tttttgtca,IGSF5
attctctga,IGSF5
agttcgtaa,IGSF5
tttaataaa,IGSF5
ggaccgatg,IGSF5
ctaagtagg,IGSF5
attgcattg,IGSF5
ggaactgaa,IGSF5
aggaattat,IGSF5
atcagctgg,IGSF5
tcccggcac,IGSF5
acctgaaat,CCBE1
aggtcgagg,CCBE1
ccccccatt,COA5
aggtggcta,COA5
gagatagag,COA5
ggcatggga,COA5
gcagttgaa,COA5
aaaatggaa,COA5
gtgacgatg,COA5
gggacggcc,COA5
tgcctgacc,COA5
aggcatgag,COA5
cagacgctt,COA5
gggtgtggc,COA5
agatgtttt,COA5
ttgtcggaa,COA5
atgatagcc,COA5
actgtacct,COA5
ttcagtacc,FOXD4L1
agtaccttt,FOXD4L1
ttcaagcga,CHRM5
agaattgga,CHRM5
aaaatatat,CHRM5
aaccgaggt,CHRM5
aaagctcaa,CHRM5
tgcaaggga,CHRM5
atgagaaaa,CHRM5
actggggcc,CHRM5
aaaaacaac,CHRM5
ggcatggtg,CHRM5
taagttcta,CHRM5
catacgtac,CHRM5
aatcgcttg,CHRM5
gtcaatttg,CHRM5
caggcgtgg,CHRM5
aaataataa,CHRM5
ccaccgcgc,CHRM5
tcactattt,CHRM5
gccttggcc,MYADML2
gggctcccc,MYADML2
ctgcgtgtg,MYADML2
ggggagggg,MYADML2
agccgagat,NPY2R
cctgctctg,NPY2R
tttttgtcc,NPY2R
tcaggctct,NPY2R
tcttgggaa,NPY2R
agtagtatg,NPY2R
acatcacag,NPY2R
ttgggggac,NPY2R
cctataatt,NPY2R
ttggcaaat,NPY2R
agagaaaaa,NPY2R
cagaataaa,NPY2R
tccacaaaa,NPY2R
cagacctga,NPY2R
ggcagttat,NPY2R
ctaacaaaa,NPY2R
ctgtatatc,NPY2R
aaaacccct,NPY2R
tgatcaaaa,NPY2R
aaatgtttc,NPY2R
ttgcaaaaa,NPY2R
ccagttcaa,NPY2R
cagttcaac,NPY2R
agttcaact,NPY2R
tgctcaaga,NPY2R
tctgctttg,NPY2R
aatagtggt,NPY2R
tcatcaata,NUPR1L
caaggaaaa,FAM131C
caccttcta,FAM131C
gctggtgtc,FAM131C
aggtaatta,FAM131C
cccccgaca,FAM131C
taatcgcag,PSMD13
aatacatgg,ARL17A
taatcccag,CYP4F12
tagcctacc,CA5BP1
atcacgagg,CYP4F3
tcctaggct,BCR
gaatggcgt,CIDEC
aggacaaat,KCNJ11
tgggcacaa,HIST1H1C
cctttcaat,HIST1H1C
gaagcaaga,HIST1H1C
ttgacattt,HIST1H1C
gaggcctta,HIST1H1C
gtctctgtg,HIST1H1C
gatcgcgcc,HIST1H1C
tattaaatg,HIST1H1C
gagacgggg,HIST1H1C
actggaatt,HIST1H1C
caacatatt,HIST1H1C
aacctaaaa,HIST1H1C
attatcttt,HIST1H1C
cctaggcaa,HIST1H1C
ttttctcct,HIST1H1C
ggaacgagt,HIST1H1C
ccagcgaat,HIST1H1C
gggcagagg,HIST1H1C
ctgtcctgt,HIST1H1C
taatatatt,HIST1H1C
tgtgccccc,P2RX2
acatagcct,P2RX2
attgcctgc,JAKMIP3
acaggcagg,JAKMIP3
ccgggtgag,JAKMIP3
gctccgtca,JAKMIP3
gcgcggtgg,C2orf80
gttttatct,C2orf80
aggggtgtg,C2orf80
gggcagatc,C2orf80
aatcaaaaa,C2orf80
taagcctca,C2orf80
ttgtcactt,C2orf80
tggacaggg,C2orf80
tattgctga,C2orf80
aggcgccta,C2orf80
ttcctgtac,C2orf80
aggggctcc,FAM221A
ggagcccat,FAM221A
tcagatttt,FAM221A
aattattgg,FAM221A
acccatata,FAM221A
tgttatctt,FAM221A
ttataatag,FAM221A
ccactcccc,FAM221A
ctgtagtct,FAM221A
agttaaagt,FAM221A
agctatgac,FAM221A
caaccgaac,KCTD21
aaagctcag,KCTD21
taggtgtga,KCTD21
gaggcggag,KCTD21
aagatgagg,PLAC9
ccccacagg,PLAC9
ttttattct,PLAC9
gagcagcct,PLAC9
ccacccttg,OR2L13
ccccccaat,OR2L13
ctatcacct,STK31
tgtttgtgt,STK31
ctccatttt,STK31
tccagcctg,FAM180B
gagacattc,ZNF418
aaaaaaata,ZNF418
ggaattgtc,ZNF418
tgtcgaact,ZNF418
tcccgaata,ZNF138
agaaggtat,ZNF138
taaagaaat,ZNF138
tgtcgccca,ZNF138
gagcactca,SLC22A5
aaaattggc,SLC22A5
caacatgtg,KLHL14
tcacgttgt,KLHL14
cagggtctg,CSAG1
gcacgtatt,CSAG1
gggtataaa,CSAG1
gatagaaaa,CSAG1
cccacgcct,CSAG1
actccctcc,CSAG1
ggatggggc,CSAG1
tcctgggag,CSAG1
gagagcctc,CSAG1
ctccctcta,CSAG1
tgccaggga,CSAG1
cctcttgcc,CSAG1
atgacattg,CSAG1
tcatgaagg,CSAG1
ctccaccga,CSAG1
cagcccaaa,CSAG1
tatgtatgt,CSAG1
gttcataga,CSAG1
tccttgcat,CSAG1
tggaagaag,CSAG1
cttaggtcc,CSAG1
agcttgctg,CSAG1
gtcagcccc,EFCAB7
ggagatggc,COL11A2
ttacggtaa,COL11A2
actatagcg,COL11A2
agccctttg,COL11A2
gacagagac,COL11A2
tttctgggg,BRD2
aaaatagca,BRD2
tttacataa,BRD2
gtgctacag,TMEM235
caagttgtc,KRTAP5-10
ccaccgcag,KRTAP5-10
ctgcggctc,KRTAP5-10
caagcgttt,KRTAP5-10
taatgagca,KRTAP5-10
tctcgtgga,KRTAP5-10
gtcactgtg,KRTAP5-10
tgggcgagt,KRTAP5-10
ttggtgatg,KRTAP5-10
cgggcgtga,C6orf100
attttctga,C6orf100
gagtgtcgc,C6orf100
aagaatgac,C6orf100
gaaggcatt,C6orf100
ctcccgaat,SPINK9
aaattaaaa,SPINK9
tatcttcaa,SPINK9
atcaccaaa,SPINK9
tcaccaaaa,SPINK9
gggaatatg,SPINK9
atgggtggt,SPINK9
ggtcatttt,SPINK9
tgtcgcaat,SPINK9
ctatatata,SPINK9
gggacgtgg,SPINK9
gatgataca,SPINK9
atggttatt,SPINK9
tgaatagaa,SPINK9
catagagtc,SPINK9
ggagtgact,SPINK9
tttcctagg,SPINK9
tttcgcaga,SPINK9
caatccata,SPINK9
aatcgtaca,SPINK9
caagcgaca,SPINK9
caccacgcc,PCDHA9
tctaaataa,PCDHA9
ttacgtagc,PCDHA9
tttttgatg,PCDHA9
cagacaaaa,PCDHA9
aatataaaa,PCDHA9
gggaagtgc,PCDHA9
ctccgcgaa,PCDHA9
cacattgat,PCDHA9
cggccggcc,ARID3C
aaaggctct,ARID3C
gaaacggtg,ARID3C
agagagagg,ARID3C
aggggcgga,ARID3C
gcctgtccc,ARID3C
tcttacagt,ARID3C
tgggagcgg,ARID3C
atgcagaaa,ARID3C
gaaacggag,ARID3C
gtcgggggc,KRT81
actcagttg,ACOT6
ccactgcac,ACOT6
acccgtggg,ACOT6
gcatgtatt,ACOT6
gccttgacc,ACOT6
gggttgctg,ACOT6
gtagtctaa,ACOT6
tcttgcctg,ACOT6
aggcagctt,ACOT6
acacggatg,ACOT6
aaggcgggc,ACOT6
gggcgcctg,ACOT6
aaaaccctc,ACOT6
gtttgagac,ACOT6
cctcggcct,ACOT6
cgcgggaaa,KLRC2
gccgtgatt,KLRC2
tttaataaa,KLRC2
gtttattaa,KLRC2
tgggctcaa,KLRC2
tcccgtgcc,KLRC2
gcttgccat,KLRC2
aggaaattt,KLRC2
ataacatgt,KLRC2
cgcagagtt,KLRC2
aaaataatt,KLRC2
ggaattgca,KLRC2
aagactagg,KLRC2
accatacca,KLRC2
tttgatttt,KLRC2
ctggggatg,KLRC2
ttcctggtt,KLRC2
tgagctgtc,KLRC2
aaagcagtt,KLRC2
ttggcatgt,KLRC2
aagactagg,KLRC3
tgtcgtgaa,KLRC3
ctgccgtga,METTL6
cttacatta,METTL6
gagatgggg,METTL6
ttagaattg,METTL6
actcgtact,METTL6
taaatgcct,METTL6
gtttcgcca,METTL6
aattagcaa,GSTM2
gcccgggag,PVRIG
cagaacttt,LEPROT
cagtctctt,LEPROT
tacagttct,LEPROT
gtttcaaaa,LEPROT
gtgcaatgg,LEPROT
gtgcacctg,LEPROT
caccatcct,LEPROT
gatatcagt,LEPROT
cacatggtt,LEPROT
tcttatgct,LEPROT
tgagtatcc,LEPROT
ttgacaaaa,CLDN9
acaatctca,LCNL1
caccctctt,SEC14L6
ttttgtaag,TBC1D26
gtttatttt,TBC1D26
tggttgttg,TBC1D26
agccgggat,TBC1D26
gtttgattt,TBC1D26
gtcccctcc,TBC1D26
cacacaaaa,TBC1D26
agttcttaa,LINC00269
gaatactta,LINC00269
gccagatag,LINC00269
tgtcgggaa,LINC00269
caacggtca,LINC00269
cggtctcca,LINC00269
agggtgact,LINC00269
gccaataca,AC131097.4
tttcctttt,AC008060.7
cctgtttct,AC008060.7
agccgtgag,AC008060.7
ttgctgccc,AC008060.7
cggatagat,AC008060.7
actttcttc,AC008060.7
ccgctattt,AC008060.7
aagaccagc,AC008060.7
ctccgagtt,AC008060.7
tcctcaagt,AC008060.7
ccaagtgga,AC008060.7
ttccgagaa,AC008060.7
aggtggggc,AC008060.7
catccgtgc,AC008060.7
caccgtgtg,AC008060.7
ttttcatcc,AC008060.7
tcccccgag,AC008060.7
tccccggtg,AC008060.7
tcagtgggg,AC008060.7
ggccgtgga,AC008060.7
tagtgtctc,AC008060.7
cttagatgg,AC008060.7
ccattggca,AC008060.7
agggactgg,AC008060.7
ctctcgacc,AC008060.7
ttaaccttc,AC008060.7
gcataatag,AC008060.7
atgtggatg,AC008060.7
acaagagca,AC008060.7
ccttccaga,AC008060.7
gagaccagg,AC008060.7
ctgcgggga,AC008060.7
tgaagagac,AC008060.7
gtggggcag,AC008060.7
cgcgaggcg,AC008060.7
ggctctcac,AC008060.7
tggggaagc,AC008060.7
agagcgcat,C16orf3
attccgctg,C16orf3
gggtgctgc,C16orf3
tcccgagta,C16orf3
taaatgggg,C16orf3
aagcggccg,C16orf3
cagtggggg,C16orf3
gggctggag,C16orf3
gccatgtgg,C16orf3
cctcggtct,C16orf3
ctcttgtgg,C16orf3
gattctttc,C16orf3
atgaggtca,C16orf3
cgatgagtg,C16orf3
ttaagtaga,C16orf3
gtggtgtga,C16orf3
ctcccatag,C16orf3
agcctcctg,C16orf3
ggggcctca,C16orf3
ggtgggtcc,C16orf3
ttctctgac,C16orf3
cctttttct,C16orf3
gaaagagtt,C16orf3
gcccgaaaa,C16orf3
ctccacctc,C16orf3
cggagtact,HLA-DPB1
accctaagg,PNMA6A
tagggctag,PNMA6A
ccccgcccc,PNMA6A
cattcattc,PNMA6A
atggatttt,PNMA6A
aaccctcag,PNMA6A
caggtaaac,PNMA6A
tggccggca,PNMA6A
ctgagatag,PNMA6A
atgacgagg,PNMA6A
tatctcata,PNMA6A
agcaatgag,PNMA6A
ggagtgaag,PNMA6A
taacaccct,PNMA6A
aaaatgcct,PNMA6A
aaagcctga,PNMA6A
ttacgtaaa,PNMA6A
gtctctaaa,PNMA6A
caggccttg,PNMA6A
atgcatgaa,PNMA6A
ctttgctgg,PNMA6A
aaggcttta,PNMA6A
agaagctag,PNMA6A
ttgacgtat,PNMA6A
ggacaattt,PNMA6A
agggataat,PNMA6A
agagttttt,PNMA6A
ctaactgta,PNMA6A
ccaatagaa,PNMA6A
gctggacgc,PNMA6A
ctgtcgagt,PNMA6A
ggaggtttt,PNMA6A
atgtcgggc,PNMA6A
agccattaa,PNMA6A
gtggaatga,PNMA6A
gctggagac,PNMA6A
tgaaggcca,PNMA6A
aggcgtgca,PNMA6A
cttcaataa,PNMA6A
agcatgcgc,GS1-519E5.1
aacatgttt,GS1-519E5.1
aaaaacaca,RP11-493K23.4
gcttcatag,RP11-493K23.4
ccaaattac,RP11-493K23.4
cacactcag,RP11-493K23.4
tcaacttga,RP11-493K23.4
actctggtg,RP11-493K23.4
cagatgggg,RP11-493K23.4
tggcagggc,RP11-493K23.4
ttttatcct,RP11-493K23.4
tgtgcacgg,RP11-493K23.4
ttgtagcat,RP11-493K23.4
taatagatt,RP11-493K23.4
taccttctc,RP11-493K23.4
catcatctg,RP11-493K23.4
tctgcccgg,RP11-493K23.4
ccccgtctg,RP11-493K23.4
gagcgcctc,RP11-493K23.4
cagccgccc,RP11-493K23.4
ggccacccc,RP11-493K23.4
gggtccctc,RP11-493K23.4
ggcgtctct,RP11-493K23.4
ggccactcc,RP11-493K23.4
gcccagctg,RP11-493K23.4
gtagatgcc,RP11-493K23.4
tttttctgt,RP11-493K23.4
tttcttgca,RP11-493K23.4
tttgtagcc,RP11-493K23.4
gttcgaact,RP11-493K23.4
acccctatc,RP11-493K23.4
tagcggctt,RP11-493K23.4
tttagtatg,RP11-493K23.4
tacgatttg,HLA-DQB2
tttctttta,HLA-DQB2
gaaatgtcc,TMEM229A
aactcggga,AC006946.15
tggggggct,AC006946.15
gccacccac,PNMA6C
gagcagcct,PNMA6C
atggaaaac,RP13-565O16.2
aataagcca,RP13-565O16.2
ttattattt,RP13-565O16.2
atcttggct,RP13-565O16.2
acataattt,RP13-565O16.2
accacagtc,RP13-565O16.2
tgcaatatt,RP13-565O16.2
tctcgtagc,RP13-565O16.2
ttccccctg,RP13-565O16.2
ggcatggtt,RP13-565O16.2
aatgacttg,RP13-565O16.2
caaagaaca,RP13-565O16.2
ctgcacaat,RP13-565O16.2
tttgtgacg,RP13-565O16.2
tttcaaatt,RP13-565O16.2
atacgggac,RP13-565O16.2
ggtagcctg,RP13-565O16.2
catatagaa,RP13-565O16.2
tctcatgac,RP13-565O16.2
agtgaaacc,RP13-565O16.2
gctggcacg,RP13-565O16.2
taacgcatt,RP13-565O16.2
caaacagtc,RP13-565O16.2
atggactgc,RP13-565O16.2
cagtgtgag,RP13-565O16.2
taccataga,RP13-565O16.2
cactgggtg,RP13-565O16.2
cataacatc,RP13-565O16.2
ctttactca,RP13-565O16.2
tgattgtcc,RP13-565O16.2
ataaacatg,RP13-565O16.2
tacttccaa,RP13-565O16.2
tcagcattt,FAM200B
tcctttttc,FAM200B
tcatcgtat,FAM200B
tactgggac,FAM200B
tcaatcatt,FAM200B
gatcttgcc,FAM200B
cgacggtta,FAM200B
atgcttcca,FAM200B
aaaacttct,FAM200B
agtttcagc,FAM200B
ataacaaag,FAM200B
gcagctaaa,FAM200B
attgatttt,FAM200B
tcaggtgtg,FAM200B
gtggcgcaa,FAM200B
atagatttt,PCDHA13
atcagtggt,PCDHA13
gagcaagct,PCDHA13
tgggggagg,STON1
aatccgttt,STON1
tccgattgt,STON1
tttcctgtg,STON1
tttatggat,FMN1
ggcgtggtg,IQCJ-SCHIP1
caagttgtc,KRTAP5-9
tcccggttt,KRTAP5-9
taatgagca,KRTAP5-9
gcaaaataa,KRTAP5-9
tgggcgagt,KRTAP5-9
ctttgttaa,PNMA6D
taccgtttt,PNMA6D
aaacatttt,MGAM
aaaaggggg,HPR
caccgtatt,HPR
tacaggtgt,HPR
gcctgcctt,HPR
ctgggagcc,HPR
tgttaacag,HPR
tttcgaaag,HPR
ggcctgaag,HPR
caaatagat,HPR
acgccagcc,HPR
agcacgcct,HPR
tcaggcttt,HPR
ttaaaaata,HPR
gaaggagga,HPR
agagaaaaa,HPR
gggaagggt,HPR
ggcactcac,HPR
ccaagcatg,HPR
agccgtctt,RP13-36G14.4
tgggaaaag,FLJ30594
