POLDIP2,aaatctctccttggtcttaaggaaaatactaacattgaactcactgacatgatcttagcttctttaatcagactttgtgacttaaaagtttgggggttt
CD38,cttttaaactcttattggtgtaaccagccacggaactctgaggcaaggggttgggggtgggaagggaaacagagaaaaggcaagtgaaacagaagggga
ABCC8,aacccaccatccaccgccagcccctgcccaccagacttagggcctctagtaggaaataatcaaatctatttatttacaagtgatttacagttagaaaac
PIGQ,ctctccctcctccacccggcccagctgcgtccctgccagtggctcctcccacttcctccagttctagtttccaacaacagaggctgcagccacccagcc
CYB561,gctccggctccttttattaccacagtaaaggaagataacaggcgagaggtctgctgtagacatttattgaatcatctgttgcaccaacagcacattgta
PRSS3,agttcctggggccagagacatctccaagggaaggtcaagggcctggaggatgtgcggacctgacgacagatgccccgcacgctggccgggaccgggaag
CD6,agctggggctctccccaccagcccctgtaacagcagcccagcttcctgcagaccaaaaccacaagcagaacaagcaggcgtgagacactcacaggttgg
ACPP,acgcttcctggaaactttactacttatgagtgtggctcctccttccctttcaatcccttaattaaatagcttcccctctacaggcttttgaagtggtag
STMN4,attttaaaataaagccaaattacagtaccactagtgagaagaaagaaaaaaaggctataccaaagggtttatttgcaaagctgtaaaaaactacacagt
CYP24A1,ttgtttttattttgttgtaacaaaggcaataaagaggggaagtctctcaaatatttaaaaacttttatttttactttcagagaatttgaaggtatacag
HSD17B6,ggcgcttcatattgtcattctaaggacaccccgcctccaacctcctcacactccgctcccgaacccattcctcgcctccatcacctccaccgtagttga
AIFM2,ctaggctgcagtgaactgtgatcataccactacactccagcctgggccacagagtgcacagagtgagaccatgtcaagaaattaagaaaggaaagaaag
LETMD1,ccgcgggtcctcctagccccaggcactggcaaactgacatctgctacctaacagtcgaggctccgacgccccgagtccaggcagagggcaagggcggcg
PTGER3,tcactcctagatatttattttagagaaaatcaggcagatgggtgcaggcaaacatgtatgaatgtaatttttatttttatttttgcagtgctccttgtc
NRIP2,cactcagctcttgataggcagggaggaagaccagagaagaacatcgacatagagaaacaagagtttattccaatggagaagcagctgagccgagggctt
CAMK2B,gcgcaggaggtcggcaggattccagctaaagcacccagctgcacttgaagcagtttgtcctgtttttcttttatttgcagtttcccgagacagaacaaa
GNA15,cttcaccgtcaacctgtcgggccgggtctgagcaggtctggaggtgggcggggagccctggcctccccacctcctcccgtccccaccctgttcccagca
NGFR,gaggcggggccgcagcactggcttcacccagcctctcccgcccgcagccagagcgagccgagccgcggccagctccggcgggcagggggggcgctggag
ROGDI,agaccccctgcctgggttcccactcagacagacagacaggggctccaggtggagtctgatgatctttatttcttagacagccctggactggggctatga
SIDT1,gcagtgctggaaattgttctctttaccatatctttttttttttaactgtacatatttacatacatacacatatggtgagggagagaacgtgatgacgtg
MRVI1,aagactgtaattcaactccataaaatgaggaggcatttggctgctgccagaggtttggaaatgtgcttttattttcaaactcaggtatgtgacactcta
SEMA3C,ctaacaagtaagttaaccctacattaaaaataaaagctagaaacataactggggaattcaacatgttttattttgccaggccaatgatttcatcaatat
WNT8B,ttggacgtttggcagctccatttcacctccccttaactctgtttgggatcgcttacacaccaaggaagttgggctttgagaattccatcccactggcac
ICAM3,tgcacctgggtgggagagacttgcagcgcgggtggaatcaaaccacagattagggagtttgaaggctttattggtgcggaatctgagggcacagccaag
NAALAD2,atctatacagtgagcctctcatatgcagaataaggcaacattttcaagcaaaacctgaaattttgtggcacagcacctggtgagactgtgggtttgaca
XRCC5,tcaagaccaggctgggcaacataggaagaccccgcctccacacacacacagaaaccccacaaaaattagctgggcttggtggcacacacctgtggtccc
NKAIN1,gacttctcacttagaaagttctatagacccaatgggcaggacaggaagatagagaagaaaacaccatctttaatcaacccgcctgcacagaaaccagga
CD82,tccactcgtacaaagcgctcataatcataccctcccacaacggtgtgttgtgagaggacattgtgataatggaagtgaaagagctttgtcagctgcaca
ADAMTS2,tccagccaggcacgggcacaagtgtaatgaagacaacaacaaacgcaggcatgatttgcaaaaacacagacattttaactttaataagttataaaagta
DLD,taatgtgcattaagcaaacgctagttttatttgtttatttcatcttctaagtataagaatacattgtagctcgacattttggcaccagcccctaaagca
SLC7A8,gcctggtgactctgtctcaaaaggttacttaattaccaacaccaccaacttcatttccattttaaattttattacatcaaaagaaaaaaacctctccac
TBC1D2,ccatccaggaacaactggtaactgagaactgtttaagttccaaagcttatgaatgatttccaccatttacattgttttatattgatataacctagagaa
PNPLA5,gggcctataactcactaagcataagctgataaatgaatgaaagaatgaatgagtggcttattgtctctttatttatttagagacaggggctcactttgt
PIGH,tcatactcggttatatgtttctggaggcaatacaaaataggctcataaatagtgggaaaagagtactttatctttttggaaataaaggtaacagaccca
TELO2,cccgcccaccccaccgccccccgctcccgcgtccaggctccgccccgtccccgcgcagcgcaggcgcagatgcgccctcccgcctggcgtcctccgcag
E2F1,gcctctcccgccccgaaatgttcccaacagagtcccaaaacccggcccaaacgtcatcaaaatatttattaaaaccaaagcaggagggaacagagctgt
APMAP,agtactgttaattaaagtagagaagaaactcccaggccacaccatcaaaaaaggttaatcagcagaagtcgatttatcgttatttattatcaaaatcat
MXRA5,catgagaccctcttttgtccttgaaaatagcattgtcatcactgcccggtttttgggagaatattattttattatcaaatgtacagtatattgacctta
TTC23,agtttttgtgattccaagctacgcttcaagaagtacagaaaggaagaagtaacatcagaattcacatttatttcaaaaactcggcatggactctcagtt
RHOV,gttctgagggaggagtgggctccaggaaatgacagagacaacgcacgccttcacagacttaaggttttatttgcagactctgcactgctctagcttcta
TRIM35,taggatacatgtacaacaaaagaaaaaataaataaaaattggacatcatcaaaattaaaagctttagtatttcaaaggacatcatcaaggaaatgaaac
JPH1,cacataactcaagacagtaatttactcacaaagaaaacacacctccaacttcattaataaccaacttttttttattagagcagatacagttgtgaaaac
CGB2,gtcacccagtccccagggccagtgagggccctgcgttccgtggcgccccctggagggaggaaggggaactgtatctgagagagagcagccaattgggtc
KIR3DX1,tgtgtcacccactatgtttagggtgagagctggtcatcttcctgtgtggggcaccctctaaactctgcaaactgaaactggaaccatggttaccacatc
ANKRD27,aacatatcatctgcagccaaacaactaaaaaaaaataccatgacacagtcaagaatcataaagtttactgtttcttttccatcatttggcacatatcca
ZNF85,atcagagacgctgggctgggaaccgtccaatcaggaacgcagctggtgcggatagggcggcttccgggatgtggcggggcctttgtctctcgctgcagc
MET,ggagggagtgcggccggcgggcgggcggggcgctgggctcagcccggccgcaggtgacccggaggccctcgccgcccgcggcgccccgagcgctttgtg
TMEM245,acaaaagatcaagtttttcaacacacaggagattaagtttaccacatgattcattcaacactagtaattttatttcaaaatataaatatttcacattaa
LHPP,cccaggcgcccctgcgcggccgcggcgccggcgccggcgtcggttgggacgcggagctgaggagcagggccgggcgccatggcaccgtggggcaagcgg
WNT3,acctcctgagcattaatctggaaactccacacagtgtacaatgtatccattttaggtttgtttaccttctctttaatgacttaacagaaaaaaactgca
MMD,gtgacagggtgtattcatttttcttcacagtcatctaatttagagacagtggaacaaatccaagtaacaactttattgtagtatacagcacaattttta
MAPK10,aacaatcaggttatctgcaatattaaccagaaaaaaaatggtagcaaaatagagaaaatgggccatttttattccaggggacaagctgcacaaaggaat
GAR1,aagagcaacattgccgcagcacttccgggacgtcgtgctgcaaaggacgccgctgttatacgtcacttccacggctcagcgtcaggcaagttggcctct
SMIM8,ggcgccgggcggggcgccctccgccgctctctctagcaggcggggcggcgaagcggggcggggcgtctcgggcgaggagaggaggtgaccccgcgaaag
NCOA7,gatgcaattaccaaaggagtcaagacaccttacagcccagccttaattcagaaaccctcataaagtagatgcagagggcagtaagatataactcaactt
TULP1,gcctcctgccgcctcgttctccgcacgcgctgaggaaccaccgctccgcttggccaaggacgcggctttattggggatgtgggtgcctggccctcgtcc
MCM3,tctcaaggaaaacaattcaatgttatgtataaaaaacacactatgactattaagaccatgtgtacgaaatggctaagtttattcaacatctcggatatt
PERP,ttcaccagagaactatctctaaatacacacacgcatgctcacacacttctgagtttccctttgtttatttttgcagccaacaaagtatgttttcgaggt
MRPS27,agcctacagttaagtccttaataaatattagtggtggcagttatcattattacaataaatcccatagtttaatgggggagggtttaaagtacactcctc
PRLR,tgcagttttaatttatgtaaatatgtgtaatatgtcttttttcttttcagttagaaccatgtttttaagatccaaccaggttgcgaagagtacatctct
ACAP2,gttgacagatatgttcacagtgtatttcacaagaaaatgtaaatcaccatgaaagaactaagccagaggtgagatctttattgacttattgtaattttt
PDE1A,atttgagataatattgttaagcattgacatggaggccacacatggaaaataggcaatgtttataaacttgtttttatttactaaatgccaactgatgca
GNLY,agtttgtggtaattgctgtgacaataatagaaaattaatacagtcaagggcagtggaagtgatttctcagcctaagggagtccagctggaaggaaggta
IL18R1,ataaagaaaatgggaggtttttaaagagaggctggctgttgtatttagtaaagctataaagctgtaagagaaattggctttctgagttgtgaaactgtg
WIPF1,ttatatttacataaacaatacttaaaagaaaaaccaccagttgacaccatatcattctgcttttctttattgtctggctaacttacaaagatgcagatg
KISS1R,ggggagggagtggcgagcggctgccggagaggcgggaaggcaaggccaggggaggggggcacgggctataaacgctcggccgcagcggcgccggcagag
CCDC181,ttcattcgttgttcaatttgttgcacagactaagagatggcacaacacattacaacactgtgagaaaaaaatttattttgttctagtattaaaaaaaca
FAM47E-STBD1,ggggcggcagcagggcacacacaccgcccaagcccggacggtggccgcgaagctagggccaccatggcggaccgcaggcggcggctccggccggggacg
TECTB,ttggccagcttggtttggatacctggcagagaccaggttctgagaagcaatggtgacgaaggcctttgtcttgttggccatctttgcagaagcctctgc
PRB2,agatcccacattcacaaatattgagaaacagacaccacaatcagaaattgcaagctaattattttattggtatacagaagttagagctatgatgacctt
ANXA11,ctggggagtgggggatggggccagggtaagctaaaacacaacaaagctctcttactaaatccagcttttattcttaggtattcacctgattgctgtaaa
OPN4,ccacatcgctatataaagatggggatgaactctgtggctgtgagtcaccataactgcgacactcactcatttgcgcttcaccagacacagagcaaccgc
KIAA0087,ataataggaaataaaccattacaataaacaaggaaacatgcacacagttactttcatcgtgtaattttattcactctagttgagaaaataaagagataa
SARDH,accgatcagtcaagcctggagtaaaagatgaagcctatttgcttcgctgttttcacgtggggcttatcaagtatttactaagcaccttctagaagcttg
BATF3,caagacccatgagccacagaacacccagagaagacagaagacgacctctccaggaaaaggaagtgtattgtgcctgtaaattcccagaactggagaagg
GPR83,accccgttttaaaggttaccagttgtgacataattgcaaatccaagaggcacagtccacaaacctgaagtaaattttattgagatgagcaatttacaat
MTRR,ttcggtcgttgcctggaaaccgccgcctggcgacccggagctgccctgcagcattcccgctccagggtggagcgaccctcccctcctccctcccggccc
RUNX2,ctatatccttctggatgccaggaaaggccttaccacaagccttttgtgagagaaagagagagagagaaagagcaagggggaaaagccacagtggtaggc
DDX31,agctttgcctaattggtgcctgaaatgtataatctgtcaagagccataatagaagagaaagagatttattttaaggttatttaaatttaaacaatatta
MCF2L,ccgcccagtgtcggcgcagccctgggaggaggcgtcaggacgcgcggacacctgcggggcgcggagctcggcggacgcgggagggcagcaccacgggcg
CAPNS1,gtggtaaggttcgcctgggaggcggcgcaggcgctgcctgcggtttgactgccatccgggctgctgcaggcactgggaaaggcaatccagcctcaatcc
PRMT1,ttttttttttttttttgagacaagagtctcgctctgtcacccaggctggagtgcagtggcgcgatctcagctcactgcaagctccgcctcccgggttca
PLA2G5,tgcaggctttatgtccagcataagacctaaagaggcaggagaccagcttaatgtcagtgcccgcccctgcttacaggctggggccatctgtaggcttgg
PKMYT1,tgcctccagccagagctccctgcgctcgctcatctccgctctctgactctgggccccgagggtccgctgggcccgccgccggcgagatggacacctgag
CASD1,ctcatcaacacctacactaagttaggctccttctgtaccttccattcggaactttggtgtactttcgcccaccagaactgggcaaactgaggacattaa
APOL2,agcttagaaggagctgagagaccaaagaatgactcgaacaagtccagcttggtgagtaggtgagtttattgggacttacacacaggtcaatcctgggca
CDHR3,cgcgcccgcccgcccgccggggccgcccgcctgccggggaggggcagcgcggacgggcgagcgccgcgtgcgggagagcgaaggctgcagcgcgcccgg
MTUS1,acagggctgtaaaaatgaagaatttgaagaatgaagtaggtcagaggatgcaattcttgagtattccagcattatttatttgatcagagtaaaatacac
THEM6,ggcgctgagaaggtcgcgccacggtgggcggggctccgggcccctccccctcggccgccctcgcgctgtggttcgctccgggcgcgctgcgctcgtgag
SULT4A1,ccgctgcagggacccctctacccccacaagcagaaacgctcgacgcaacgccgggaacatgtctttattaaagatgcaagcaagcacagaaggatcatg
ZBTB46,ccaccccaggcgaggccggaggaaggatcatctgagacgcaggaggcatctgctggagcagcaatttcccaatttattgaaagtgatcgctttgcaagg
GFPT2,ctcaaaattcaaagtacacaaaaagaatgaggttaacaaaatgcaaacacacacaaaaaaactgtatgttctttattgtcctaaaattgcatagtactt
DYDC2,tgatgggtttatcaggggtttccacttttgcttcttcctcattttctcttgctgccaccatgtaagaagtgcctttcgcctcccaccatgattctgaga
TRPM1,acaggtacaactaatttgtatttgctattaaggactctatgacaagaagaaaatgcatattggatactttatttttgcacattaacaaaactctaggtc
GSTM5,ggttgtggcgggccgaggggcggggtcgcagcaaggccccgcctgtcccctcctgggcctctcaaagtctgagccccgctccgctgatgcctgtctgca
ECHDC3,ggggcggggcgtgccggggcggggaggggcgtgccggggcggggcggggcgtgccggggcggggcgtagtacggactgggcctggcctggggcgtcccc
CYP2J2,ggtcagaagcaaacacatatctcacaaaggaagcaggaaggaggcacactatagatagaacttttatgatgtgttttatggtttacaaaccacttaaag
KLB,tgactgcaatagggccacctccctcaaattacgttgctctctatgacccatcctcagtctcccagttcaagctaatcattgacagagctttacaatcac
REPS1,tactcctctagagagcattaaagatataccactacaaagtactaaaaagttttctataatttttaagtgttatttattggaaggctaaattctaagaag
STX6,ttattctgctatatgatcattctagtaattcagtccttttcaagttgaattcttttcaggttgttttattttccttttccggagacttttgtacatact
ADAMTS7,agagtttctcacttttaagattctccaaatccaagacgaagtcacgctgtgctttggaatggtagatgctcatttatgtaaaatcataataaatgttac
RSAD1,gcgccgcagccccgggcccgggccctcttgtcgcgcggtcacgcagcccctcttccttccgccggctgcgcactcacagtgatccctgcgcgcgtctcc
IL33,ggtctctgccaaactttggctaataaaaagagtctacagactcctccgaacacagagctgcagctcttcagggaagaaatcaaaacaagatcacaaggt
VARS2,ctcttcacttttccactcctccccttacctcccttctcttctgaattctccattctgggctcttgcctgtgaaatctttctttgctttccccatctttt
ADAMTS14,gggacttggggatcgggcgcttgcccagcccgcgtcccagcgcggccacatggctccactccgcgcgctgctgtcctacctgctgcctttgcactgtgc
MDH1B,actgtaatttttacttaaaccatgcaattatatagtaaaaatattaggcttttctttcaaaattcattttattcaggccatatctcttgtcaaggagca
SHF,ggggatgttttgacatctcgtcaaagaaaggaacttgatgcttcgaaagtgcttttcacagccgggctgtgtctgctccagagctgatttatacgcaga
GALNT6,agaaatgttttagcttcttttaaaaccagaagaaataaagtaaatccaatcagcctggattacattcatctttataccaacatagtcataacattaatt
METTL21C,tgccaagtttaaacatatgctctatagcagaaatagggaagaaattcacttattactttatccatgtaagatttattaaacatgtaacttcgttggaac
CBLN3,accacaaattcaccttggtatttcctatttaactcaaacattattcaacttttaaaatgtaattttagtatacagtttgatatttattttcctctgcaa
PTGR2,cctgggaggggagggggcgcggagccgggcctagtcgcgcgcctgcgtactgcggtcagagggccgaggcctgggggcgagctggggtcgtgcagtaca
PIF1,gtgcacatgcacaagtgagagggggagagagaggaggcaggaggcacagtttttacacaattctctagtttatttgtccgaaataaatacaacctgaga
TXNL4B,acagaaccctcccaatgttacctgttattactaggagttgactggcttttctcctaaagtacctgcagggctggttctgcggacagcttttatgcttct
ADAMTS18,acctatattagctatttattgctgtgtaacaaattaacccaaaacatagtggcttataacattatgcatttattgcatggaaattcagaaatggttagc
GAS8,ccgcgcgcgccccctgctggcccctggcccagcggacccctcccccgccgacccttccctcgcgggccgcgccccgccgcggacaccaccgggacctgg
RHBDL3,agttagcccggcgccccgggacgagccccgcagccgccgccgcccccggaccccgtctcggccatgggcgagcaccccagcccgggccccgcggtggcc
ZFP14,ctactttctactgttacttggctgttcctttttttttttttttttttttgacagactcttgctctgttacccaggctggagtgcagtggcgcgatctca
CASQ1,tctcctgccaaccatggagacatatttagacaggaccaggtggggactgaggggtgccaatttcagggggcagctccggttccctccccgccccctgct
ABL2,agactccctgtcaactaaaatcatgggagaaacactccaatctccagcctactttgccaataaaatattgcaacctttatttaaaacagaacacaactt
MLK4,ggggcgtcccaggctctggctaaggagcgcgcggcgggcgggccggccgcagggcctgggcacgaccatggtgggacgtcgcccgcggcttcggggacc
TBC1D7,taggccattcccacactgctgtgaagaaatacctgagactgggtagtttataacgaaaagaggtttaattggctcacagttctgcaggctgcacaggaa
HMGCLL1,agaattgctctcagtattcctgctccagaaccatgcaacataatcagtacttcttactttcttgaatttatttttatttcaatggttttaatgaatatt
C7orf50,ctggcatgggggacacgaattccgcagtccacaggcaggggacgcaccgcacagagcaggacccacggctgctgctgggtcgggttttatttcaaatgc
POMZP3,agtcagtactaattctgaccttccatctgaccaccacaccacgaccagatattgctttcttcttttattcggaagcagacacagggtgggaggcagtgc
MEPCE,ccccgcccacactcgctggtatataagtcggcgtggcgccgcggtgggtgttgagaggcccgcgaactgacgggccagtgagcgggcgtcgggagtggg
CHST7,ctgctaagccgagagggcaggggcgccgtcagtagcaccaccgccttccaagtttccccttgtggatgcgcggccccgcggctctgctcctcccggcgc
GOLGA7,ccccacagctcgccccgcctctctccttccggaaacaatccccgcgcgggcggaaggcggggtcggccctggccccgcccacatcatttcccttcctcg
C9orf142,agccctgagcccgcacagccccgcccctcccggcgcccaagccccgccccgccgggttcccgctcgcccggcgccatggatccgctgtcgccgccgctc
RGR,acgcacatgggatggccctttaaaagggagggcctggctgtgggaagccagagacagctgggccactggcagtgagggagagtgaggatggcagagacc
SLC5A12,atgatattatctgtttccaagaattaccaataaaatctacccattagtaatttactatcaatgacgagttacattttattagtttataaatttgtatca
FREM2,agtggagggattcaattctccgcgcgattgaggcgctagcggcggagctggacggcctgggaaggcttcggctcctcggctgcggctccagcccggacg
ALLC,atacaggcacagccaatctctgcaaagttctgtctctacctcaggcccctatacattctctctgagctggcactcaagcaccgtgggaccttggctggc
ADAMTS12,gtggtgggagtctcacagcaggggtaaaagaatcacacagaaacatcaatgagtttggctatttattgatgccacacagagggaggttatgattacagt
CENPJ,tagtgaattataaatgagagctatcattgcatttcaaagaatataaaaatgaagatgccacagggtaaacttttattttagaatctaatcttttcccca
GFRA1,ttttccggtgaatgggataaaagaaaaagacaccacaatgattttttttaaaaaagaaaacaatgtttattaggatattctggggtgagaggatggcca
SPEF2,cagcaggtggcgaaacacgattttctgtcctctgcggctgagccctagcgtcccctcttctctaaggcctttcgcctagttccagcctggatacgcttc
DDX4,tagtcaccagccaatcgtcaacagacgccatttgttgttggagccacgcacctgacgcagtgggcgtcttgcacgtgcagccgtttaagtcgcgtgggc
TEX29,ggcagacataaccaataacaccagcctcatacatttgctcaattttacaggtgagttctcctggaagaagaacctgatgccagccatctgtcaaggaag
LURAP1L,ggtccacctgccagcggagtttaaagtttccgaggctcagaggaacacaatgacttggatcaaacagcctaaatgggaagaaggacatttttgctgcat
C17orf50,aggccctagacatgagacaaagttctatgggttctgggcaccctctcacatcccagtctctgatcagggaaagcagggcacagccttgggaagaatgga
EME1,gctttcgatcactcacttccggtctcgaaaagtttctacttccgctatcaggagatctacttccgggccctgcgtggcagttgaaagagtggcgggaga
PTPRN2,agacggatggaaacaattgttcctcctccccaaataaagaccacctgaatgtgaaatcagaagtttaatatgacacaattaaatatatttgtatatctc
TMEM237,ccttgaacctaaaagttaaaaatataaataaatgcaaacagaacaaaaccagagaattccagaacttctttattgtacataaaaatctgaatttcttaa
RWDD2B,tctaaatttgacagatgtcccaggaaagaaaacttataaaactactctgttgcattctatgtgtttatgtgacatttgagatctgcatattatacatag
NODAL,ttggatgagttcctgcctctgccttcacaggcaccagctggcccaggagaactagacaatggctttattgttgtacagctcattagcagagaaccactc
TBC1D31,ctgggcctcctggggcctgtagtctccacgccccccgtctccggtaagtacctgaaagcgataaaggaaggcttcgggccagaggaagaggtaggccgg
SLC13A3,ctgccagcttgtaagttccatgtgggcgggacaatgaaccagaacatgacaggttcccaataaatgtttattgaatgaataaatggaagaaggagtgaa
PADI4,ctcatggcctctgctgggcgatataaaggaaccagcccaggggcttcctacagccagagggacgagctagcccgacgatggcccaggggacattgatcc
PSMD4,acgtgggggacggaggcggaagcagctggccaagccgaggtctgtgattggtgaagagcgacgggccaattggaggagttgttgttaggccgtcccgga
FTCD,atcatctgtcacatgtaatagtccatctagaagtaatttgagagtatagtgatttgctaaattattttttaatggagaacttctctggagacaggaggc
SLC2A6,ctgctgtgggggctcctggagtagaccccactctttcctcgctaggactacaggtccagttcctttatttttacaaaagggtgaacacagtttgcagat
LCN1,gggggaccctgagcccagcggtataaagggcggctgtgggaggactggtacagcctctcccagccccagcaagcgacctgtcaggcggccgtggactca
SPTBN4,gtgtgcacttggatgtaagacactgtgtcacggcgtacctatgcacttatatgaccctgtgtgactcagtgacccggagggcaagcaggactgtgggtg
MUM1,gccctcccgacgctcgggcgggacaaaggccggagcccgggcccctccccggcgggtgcggcggcggcggcccgcgctccgacagtccgcgcggccggg
SCGB3A1,tcggtcccccacagggatcagcatttggatgagaaaataccaggctcgagctgctcttaaccacgtttattgagaggggccgggggaaggggatggacg
AQP5,cgcgcccggccgcccgccccctatatagcgcgccccagcagggcccgcgccaggccgccagcctcggagtgggcgcgggacagtgcgcggcgccccgca
SLC1A7,ctaatatcatatttgctggctagcataaggtgttgaagcccacaagaagtgaaaaacaaaatacctttatttagttaacactgaatttgcaaacacaga
BSND,tgtgctccctcgctcagattcacacacacactccaggccagccgggcccagagggaaggtgagagggcaaggagtaaaggtggctgggtgtgggtccgt
AGL,gtgcccacgctctcgcgagactagcggtcggggcgggcgggtcgagcctcccggaagtgggccagaggtacggtccgctcccacctggggcgagtgcgc
WDR64,acattgtgaggtcaggatttttactgaaatgtttgtctgtatgaaatgcatcagacctaaatcagctttcctccctgctaacatcctagtggcaactct
ANKRD30BL,aaaataaattttcagcgccgcaaagaaccgtcagcactccagcaacaagtttttacagcaaggcaaatttacttctatggaagagtggtcttgcagatg
ARHGAP25,tccttgagctgtggtgggctccacccagttcgagcttcccggctgctttgtttacctaagctagcctgggcaatggcgggcgcccctcccccagcttct
EIF4E3,gtgtgtctgcagattgggcactcaataagtgagacagaaaagcaagcttcagatataaattttttaattcccagttaaaaccttgagaaaataagcaag
IGFBP7,taccaaagcctactaggagaaagaaccaccataagctgaggtagcagaatgtgtgttctcagctccactcatttattcattatctacagtaccagatct
THOC7,caatgttaccagttaaaaactacctagaatattaatgagcacaaacatatgcagcttaaaagcattttattaagcatttttggatgttgcttcctacca
SCRG1,atcagtacctaatcccagcaaacaaaaatattcaacaagtctctgcgaattacgatgaagaaaagatgaattttaattaaaaagaggtgagctattaat
ASB5,ctccatgacttttcattataaaataaaataatgagacaaacacaaagtgttttattccaatgaataataatcacactttaatataataacaaacataca
PI16,gtctgtggtttcctttctcttatctatcttcaacacacagtgggtgtgacctgggtgcaaccagtcacagctctgcagaggttactgtgattttgcccc
AQP7,ccccgtgcctgaaaatccctcattctgtcgttctttcatctcaccctgttcctactgagggcgcaggtcatctcttccccattctccccctggggcacc
ENOX2,ttttttttaatgtattaatatcatggtaaggagtttgattttttttcttttattttttaagtaagttccggggtacatgtgcaggatgtgcaggtttgt
MYRFL,cagatgaatttgctacctcttccctcttcatgaattttttttaaatgtatggttgtatatccttccagttttataatcacatttgaaaactcaaccatc
CYB5A,gattctaaacattaaagacaattatacaccaaacaggcaaacacggtgcatactttaaaagccaaatatatttttaaaagatcatgcttataataagta
TMPRSS5,gtctgtctgtctttgtgcgagtgagagagaggagacagagaaaactggaccaagaccatatatcactttaataacagaactccttggaccagttcacag
GREM1,cctggccaatggagaggcgcggccccgggcgccgcgctctgccgccggcatttaaacgggagacggcgcgatgcctggcactcggtgcgccttccgcgg
POP5,tcaacagcagcctggccaacatggcaaaaccccgtctctactaaaaatacaaaaattagccagacgtggtggtgcacgtctgtaatcccagttacttgg
TUBA1C,gggctgcccgcggcccccgaaagtctctcggataacacaggcgcctaggcgccgcctttgttcctccccagcgctctgctgcgccctgggcgcagtact
TK1,ggagctgtccatgagacccagggaaacccaggtgaaagagaaatgtgcgtccaccaaccagtgaattttcaattagttaatttcataagctacagcaga
KCNG4,aggcagggtgatgggttgaggttaccatgtagtcatggggggtgctgagttacatgtgcatgataggcaaggctgggccctccaggattaggtcattga
CRYGA,caaaacaaattataaaataaataaataaagataaacaagagccacttagtgcagggaacacaacttgtatatttattatgtttctatggggatcacaac
PTK2,ttgacatttgcttcagatgaagtaactgtcacagatccaaagatgaagctgcttttgcacataagagcatgtatttacctggaaaaaattcactcaaat
CCDC8,caccgctagcaaatccacacctctggtgccgagggccccagaatctgtgttttgaatgcatttttcagacgcttttactgtaccttataaccaagatcg
CXorf48,gtcgactttctatggttgttggtgttgtttaaaaatcaacagagaggtcttagtgcattgctcaacaattttattcctaaggaaccagtgatgaatgaa
WNT10B,gactgggatcccaagtgtgggtacatacatcaccatctgcatccaccagtccagtaacttaatttattttagtttcaaacaggaaccaagaacaagtct
OTUD7A,acttccaacagtatgacttgtttcctatccgtctactacctgagtggcgtcagtgtaggttcaggcaccattaggaacgtttgaccaaacacgtacacg
FRMPD2,gaggctgctctgggcaccaggaagcaagaaacttataaggcaccaaccctggctttgaggagcccccaatttaatgagaagttggagcagtaaagaaat
TPPP,aaaacacaggacaggccctgtgccaacaaaacaccattcacaaaagcaggcggccgcagcagcccaggatgggggctggggtaggaggtgatgcccacg
COL24A1,taataaaagcatattgtaacaaaagaagaaaaacaaataccacccaaaattatttaaagcacatttttattatagataggttaagtgtggtttgctgtg
PAH,tattatgggctaagtgctaatggttttagaggtgaaaataaagtcaaggtttctgtttttataaagctgacattttattggtggattttttgaaacaca
RAB37,gtcgcagcagcaggactcccctgacgtataggagaagtagccagagctcttcatcccctgccaggagagcatagtagctcacatttattgagttcttag
ZNF680,aaagttaatggcataataacgcttcattgaatgcacaatagtcttaacatgttaaagaaatgtttaattataaaattaagcttatacataatctaaaaa
ABLIM3,ggggcggggcctcggacacgcgccggtgcgtccagcaggtggcagcagcgagcggccgcgccccctgcgctgccaacccgcgagcccgcatcatggatg
TNFRSF10C,gcagggaggctgagcagcctgtagagggcagcacacgcgcggcttcccagccagccgccctggaggacgtggaggggaggcagccacagtcctggagag
SPATA3,atgacctcacaggaggtgtgggtcactgttctctgtggggcctgggtccagctggaggcccaagccaggctcctagggcagagggcaaacggcccctcc
DPY19L1,acttgatcacaatcaaggtgaaaatgaaaataacaatcaagaaaaacacttccctcattactcatgattttttttaatttaacatatatagtacatgta
TMEM167A,ctaaaaactgctttcacatatctgacaataagacaaaagtaggaggctcttgagagttcatcttgacttttattacacactagacatatatgaactaat
AMZ1,tgatggccgcgtgggccggtgcagggtgtgtgtggggatgggggtgtctgattggtgctgtgacctgcggcagcacagccgcctgcgttgagcgcccac
CA5A,tctttctttcacttgcagctgaaaagtacttcgactaaaacaataacctcatgctctctttttaatttcagaagtcatgtacaatcacattgtgaaact
CSRP2,tcagagcatctcctccaaaagattaattaaaagacaatgaacacccaaatcaagctgaagttttatttaaaatgtaaaagaaatgttcccccaaaatgc
MSRA,aggagcgcacttgttctctgtccgagaacttcgtcccgagagaacctcaggaactcgccgggccacaccccctgtccagggaaggaacacgcccccggt
ACSF3,cgtgttttcctttaatcaaatgaaaaggtgtgacccacacgcccccagcagtttccagggggctcattaagggagatgtggacagaatccgtggcgggg
UBE2U,cctgcctccgtctctcggcggccccacgggggcctgttggttggcaaccgatttgcttcctccggtgcgtggctgcggggttgcacctgtgaagcgaag
PNPLA2,tgacatcacccaggattgctccacctctggggcaattatcgggagcagggcggccccagtcagacgcaggcagccccaaagcctgaacaggcagggcca
PVRL3,cagcacagctgaggaatgtcacaatagctacattttgtcaattatgatcatcatcaggggatctcccggagcgatgcaggacaaggtttattcataagt
LCN15,ggggcccgcattgccctcccccagggcatgtccaaagaggtgagggccatgaggctgcagcatctgtttattgaatagaaagagacgtcccacaaggca
PRSS36,gcccagcccctcagcctgcccacggcgatgccacaaggccacacaggtacctgtgtttacacctttattgtccgctcctcccaccacccccaaggattc
C5orf64,ccctgtccagttaggtcacacaaagccaggctgattatttagagagaacacaatgctccctcacatggggcacagagaggaaggaattttttttttaag
HTR1D,aagtgctgggatcacaggcatgagccaccatgcccagcccataagcaggtttctttacctcatctataaaatcaagatgacaagtaaatgagaaagtgt
BHLHA15,ccgccccggccccgccccgagggctcatttgcatgcgtccgcggcccctcccggggcggctaaagcgacgtgtccttgtcccccgtgggcagcctcggc
OXTR,gaattcatccatcaagctggccttctctgaattcatctgttgaattttttttgtttatttttattttttaaagttcattggtttttagtacattctcaa
FAM83H,gctgcaggatgtaactgggcgattatacacactggggaacatgctagaatactttgtgtgttgtgttttattaacaccaaaatgtgccacatcatggtt
NME9,tttagccaaggctagggggtgggaggacaaattcagtatgaggcgtaatagatgggaagttccactgaacatccatgtcatatttattaggcaatcaga
FAM89A,tcatgaaagttgatgattccaaattcagaataaaataacacatgacacagatagtttagcattttatcctcatttttaacctacaaagtgtaatgttct
C2orf82,tttttcttctattttgttttttcttcttctttttccccccatcagggcaaatggtctaactggtgcaatcatgaagagagttaatggttaacagacatt
RESP18,tggccaagttcaacccccacccatcttgcctcaagacaaactcagtgtttgcatgagagtctactttaatgattcaaatctgggtcatccaagaactgc
PYCR1,ggcaggggtggggaggggttgcatgagactaacatttgaatctgtagacttttgcattagattacattgacattttaatcagtaaggcagatgccctcc
IGSF5,ccttagatccctttggagatacaacctgctagaggaaatgaaagtctgaaccattagtacctaggaggcagggatcagaggaagtagattcagaggtaa
CCBE1,acttgcttcacaaaaccaggtgtcaagacaaaacacagtagagcaatgtaagaaaaataactttgttattaagcatatacaatcataacaaaagtacat
COA5,tggtgatggttgcacaactctgtagatataataaaaaacactgaattggtaagtttcagtgtgaattttacggtatgtgtatttctccaaataaagctc
FOXD4L1,ggagtccaccacacatggtcttgaagaagcttttataaaaggcaaaggcatctttgccggacgttgttgcaaaggagtagaaacaagcagaggaaaaca
CHRM5,cgtatggagaaaggaaagcaagagtgcaagaacatccatgcttctagtccagataatgttttttaaagcagcttgatttggaagcgtgtgtaattctga
MYADML2,gcaagtgcccacagtcccctcagaagagactgctggtccagaggcagggtacgtataaatgtcagcatttatttcctgctcaaggacgtcaatggggcc
NPY2R,gggcgcccctctgggtagggtctggctgagcgggcttgcaagcccgggaggcggctgagagaccctggacactgttcctgctccctcgccaccaaaact
NUPR1L,ttgaaaagagttaccatagtaactgaaaaaaaacccgggagagttaaaatgccattcttgctgctctcttttaattaataaactctaaaaaggctaatc
FAM131C,ccaggggcccaaggtcacatcttccccagcagagaccaggccaaggtcatccagggtgaatccaccactttaatgtcctcagagaaccttgagtgagat
PSMD13,gcctccggcgcgcccaggtagacgtagaggcgagtagaggaagttccctagtctggtgtctcatctctcgccccggaggtcaaacctggagccagcatt
ARL17A,caatgaggtatggaaagccattgaaagtttccaagcaagagagattacatgatcaaaacaggaagattattttattttgttttttgcattatgtgcaag
CYP4F12,aggagcccagatgatctgggacaagggttggcctggcccagctcagctggctgccaactgtcatgataagtatatgcttttatctgaacacccttgtct
CA5BP1,cgagtggccaatgaggaccacaaggttgtagcgtgtggcctgagaggacggccaggactggccagaaaagagaggtgtggaatgcagtaagaaaagtga
CYP4F3,agcctcccacagccttccctacatcaggggccaggggaaaaaacctcccagaagaaggggagaggaggttgtgtgggacaaggtgctcctgacagaagg
BCR,tgagggagaaatccctatttatcatccatcatgtggtcctgctgtgacaaacccgtgtggcagccacccacagcagatccacaacgtgagaggcccgct
CIDEC,accttccagataaaaccccaccccaaagaacacaggcaaagaagatacatcagcctcaataatttattgcaaactccctaatatcacatgctagtgcgc
KCNJ11,ccaccagcatgcttgctgcctccccagcaagaaaagcccagagtttaggtcatgagggggaggctttattgacaacggagaaggcagagttctaggcaa
HIST1H1C,agaaaaggcagatagtaaagaaattatccagctcttttattgagatcagtggtggctctgaaaagagccttttgggttttagaagtaggcgttcgccta
P2RX2,ccgccgcgcgccccccgctctcggtgcgcagcggggccgaccctcagccctgcagcgccttcctggaggtgggggccgcccgcgccatggccgccgccc
JAKMIP3,ggccacggctccggagggagctgctcaccgcggtgtgctttcccctccaggtgaatgagaagatgtagtgtgacagcagcccgggtgacacctgctggg
C2orf80,cagaacatcttccctcctagtagtcattatagtctactgagagaaagcctgtattcatttttttaatgctttattgaaatgatttaaacattcttttca
FAM221A,cgcgcgcggcctcctcgggcttcaggccgggccaatcaggaggcgggcgggagggggcgcggtaccgggagggaacggggcgggtcgggcttcgaggtc
KCTD21,tcaagaccagtgtttttccccgttacaagcagacacaaaagaataacaatcctttatcatttatactgtattctcacgttacattatttcatttgatcc
PLAC9,ttaaaagatttagatctgagtctgtctcagattctcgggctcagaaccagaatttctccgtctgaggctactatcttgctctggaggagggagtgagaa
OR2L13,ctctttatcatcttccgcacccgagccccgggctcactcgctggggctgccggaggacgcgctgctgcgagaccagccgcggcgtctttggcagtagtg
STK31,gcacgcttcttcctaggcggcaggccgtggctgccacgtgactcccgctaacaccggatgatggcgcagcgctgtgcacgcaggcgcagtgtggggccc
FAM180B,gggaggtgaccgaggccacagccagcccctccctgttcagcactgaagaatgacacgcattacagagctctggagcagcccgcagtggaaagttggagc
ZNF418,cctgggcaacaggagcgaaactccatctcaaaaaagaaagaaagaaagaaaatgagacatagggtttattgaggacttagatacagggcagtccaggag
ZNF138,atccaatcagggacgccgggctgggaacggtccaatcaggcacccagctggagcggacatgacgtcttccgggaggcggcggggtctttgtctcgctgc
SLC22A5,cagctccgccttcgccggcgccgctctgcctgccagcggggcgcgccttgcggcccaggcccgcaaccttccctggtcgtgcgccctatgtaaggccag
KLHL14,tttaatgtagagatttatacatatgtaagtaggatatgagagacagttgaattagtacataaagtttttatttaaagttttccccttccaagcaagctt
CSAG1,ttctctgacctccaacgcgcaagtcagtggcgtcacatccggccccgtgacttccctgggttcacagcaggggtggaactggattcttcctggatgggg
EFCAB7,agcggggagttctaggcccaggacagcacctatttcctgctggtgtaacagagcaccttctctcactactctggccataccacccccgcgatagaggag
COL11A2,ggaagcatcagatgggtgtcgggggagactgaaataacaacacaagcagtgacacagacacctgggaggagacaatcacattatttaaccatcagtcag
BRD2,cagccatgctgaactcgtatggagaggcgagtgggggggacagagtccaggactgcgggataggaagctggggatatggacaagcagcagcgttatagc
TMEM235,gcctctcgccggctcctctgcctcccacccccactggcaccccacgcctgtcctagaaggttctttctgcctgttttctccgtgagtgactggacaggc
KRTAP5-10,gctcagggagctccacacctgcacctccctctcacctgctcctctacctgatccaccctcaatctaccagaatcatgggctgctgtggctgctccggag
C6orf100,cttctcagcatagcccgagaacccccgatccctgacactttgcttcttctcagctcccagatggatcctggacaggatgctgcaggtggtgcaggaggg
SPINK9,ggagaatgactttgacgagttgagagaagaaggcttcagacaatcaaactactccgagctacaggaggaaattcaaaccaaaggcaaagaagttgaaaa
PCDHA9,gttttgcctttagacttgagatacactaaaatctagatttaattaatcgacttggacgttggaataagatagtaaaactcacaacaaaactttgtagaa
ARID3C,catggcatgggaggtgtcgtcccctcccagggctgggtcccagagtgggcagccagaaagaatcaaagcagggggtctcctcccccctcagcaatgggg
KRT81,ctaaccccgacccctgaggagggtaatagagacacacacaagacccaggttggctacattaatttattgaaacacagatcaagagcagaggaggaaggg
ACOT6,atgaccccagagtacaaaactcagggcagctgcagtgcaagtggggcacacacacatgagattccatcacccaggcagcattcctgagccttgggggac
KLRC2,gttcagacagcagggaggtccaagatcaaagtgccagcaggtgtgttgtaaattgtattaaattaacaagtttctatgtggaaagtaaacaatgaaaat
KLRC3,attgtactatatcaccacgccagagattgaaatatataaaaaccactcattatattgttcattgatttattttccaatcataacggtctgcattttaat
METTL6,agagtgtactactcactgcatgacatttaataagtcaagagacaaggggttgaggcaaggaaagtgacttttattcagagagccagcaaaccaagaaaa
GSTM2,tccagattggcccgtttcgggggcagggcgggccgtggggcggggtcgcagcaaggcttcccctctaccctctctgggcctctcacaaacgctgagccc
PVRIG,cttctggtcacttctcagcatgtcccttcagctcctatctctgtatggcctggtttttcctaggttataattgtagaacaaagattattataatattgg
LEPROT,ggggcggggtctggagcagcaggcgccgcgtttgcgagctaaggtcggagttctgcaccggcgggggcggggctctgcgtggccggggcgggctcggga
CLDN9,ccttcccccgggagctagcggggccactgggctgagacgggggatggatcagattccagagagtcccaggcgggcgggagtgtgcgatactcggggagc
LCNL1,tagtgtttgctcccagtggggtcttgagtcaggacagctaggagggggtgtccctcactgtctcccacccaccccacacagtcgtgtgcccctgcccca
SEC14L6,ataccctggagaagtgaaaatttaggatcacaaaaaacctgtacacgaatgcttacaacagctttattcataatcgcccccaaactggaagcgactcaa
TBC1D26,tgacccaggcaggggcccattgtgatgggtgtcatgacctcacaatgtcactggtgctgagcactcgcccacctgtccacttgccgtctctatgtctgg
LINC00269,caatgcttacctcccgctcacactggttcctaattgcctgattacgcatcttctcccccgccagctcgccagctcgggagcttcttgagagcagggtcc
AC131097.4,tactatgtagaaaccttaaagacaggaagaaaatttagcacgaaacattcaatccaattgacttaggttttattgggcaccagagatgcgctagagaac
AC008060.7,cgtgcgcgtgcacgagcgtgagtgtgcgtgagcgtgagtttgagtgtgcatgcgggtgtgaatgtgtacatgtacacgaatgtgagtgtgagtgtgcat
C16orf3,tgaaagagtctcatgacctgaagttggagctaggcagaggtccttgaacaatggtaaagaatggctttattttacatgcaggcaaaccattggcagttt
HLA-DPB1,aaagctcagtgtccattggttcttttctcagactctgtccaatcccagggtcacagaagactacttgggttcatggtctctaatatttcaaacaggagc
PNMA6A,tgaccgcactgcagagagcggctgcgagcaggcgcctgcgcaccggcccaaacgccgagcgagcgagggagaggcacagtcagagggaacgcccgcgcg
GS1-519E5.1,aatgacgtgatgtcgcgaaggtacattccgcacaggctggcccctctacgttgctgagaagcactccacaagcacacactctcgttattccactccaca
RP11-493K23.4,ggcggggggtgttggcgtctgtcgtccgggcagctgggaaggcttctgtctctttggttccccctgtggctgctgcggggctgcggggctgcggggctg
HLA-DQB2,tggcagtggtttcctacctctgcttagttaaggaagttccgaatacagataactcagaatcaggtttaattatgggaaaaagcactaaagtcaggtaaa
TMEM229A,atataatgaaaacatatctgtattcacagaaaacaattaggcttaatgtaattagagtgaacattcaggttcattttattcaaaggtaatgtttctgcc
AC006946.15,gtcacagtcgggtcgggagccctgtggcctggaggaagcgggaggaggcgcgggcagccgccagggcgaggcgacccggtgcggggggactcccatgga
PNMA6C,gccgccgcaccccggccgcgtgaccgcactgcagagagcggctgcgagcaggcgcctgcgcaccggcccaaacgccgagcgagcgagggagaggcacag
RP13-565O16.2,cccctttactgctcttaaaaggaaatataaacagaataaaaatgttttgtcatgatttttgtactggggtgatagaaaccgctctccacttaaagcaga
FAM200B,caaataactcccgcgagaggcggaaatcccgcgagactgccgacagagcgtagggaagtggaaaagtggagcctgcaccgcccgctcccggcacccccg
PCDHA13,tcttgcgaatccttccgcactaggaagccataaaaattgggccttgagagacagtttgaggtaaggcgttgtatatattgcagatagctctgaggtttt
STON1,gccccccttgaggaagaggctgagatgccaagtgacttgcctggagtcatttgccagcaggcgatggaatagggactacgagacaccctgcagcctctc
FMN1,tattgctttacatgcctcctgaaaacaaatctgcattgcacaccagatggacatgaaaccaagatttattaaaatacccttagcatatttacaattgaa
IQCJ-SCHIP1,gcctgtatacggggaatggcagtatctgccctgcacagtctataggattgttgtgaaggttccattgagaaggctgagctccttgtcttgtttattcct
KRTAP5-9,acttcctcctgaggtgagccagcgttggagctgtttttcctttcagtatgaattccacaaggaaatcatctcaggaggaagggctcatacttggatcca
PNMA6D,aaggagtggggggcagacatcttcaggtgcccccacccaggccacagctggccccgatcccgatgtggggtgagggaccggccctggcccggcctccgc
MGAM,atgtgattactgactcctcatccattagtgtcatttctgaacctgcactgggttaacactgggaaataaaaacttcccacccacttcttgcaggaggct
HPR,gagaagtgagctagtggcagcataaaaagaccagcagatgccccacagcactgctcttccagaggcaagaccaaccaagatgaggtgggtccacagctt
RP13-36G14.4,ctgactgaacaacagagtgagaccctgtctctaaaaagcaaaacaaaacagaaaacccaaaaccctcaaaactaatgttacacttagtatttaaagaat
FLJ30594,agtttccctggcctcacctgcaggggctctgagtcagtaaatctggggcaggcccagtactttgcatgtgagcacagacccaggtgtttctgaacctgg
